valoare_comanda_medie,aplicatia,timp,frecventa_lunara,varsta,cupoane_de_reducere,recenzii,tip_client,dispozitiv_mobil,dispozitiv_tableta,metoda_de_plata_ramburs
0.9766279990121294,0,-1.4040908012994402,0.6062609479080984,-0.03282868249842143,0,-1.1931062533358923,Standard,False,True,False
0.4224173891076841,1,-0.26578530031031716,-0.02013412742130222,0.0510402143953551,0,-0.2465542578672963,Standard,True,False,False
-0.3979918514745679,1,0.6195634226812227,1.2326560232374986,-1.6263377234801741,1,0.06896307395556894,Moderate,True,False,False
-1.9243308483195196,1,0.24012825568484855,-0.02013412742130222,0.21877800818290816,1,0.3844804057784345,Moderate,False,False,True
1.277792940266972,0,-0.13930691131152592,-0.6465292027507025,-0.11669757939219776,1,1.015515069424165,Vip,False,False,False
-0.039776614015087544,1,-0.4555028838085044,-1.272924278080103,-1.458599929692621,0,1.015515069424165,Low,False,False,True
-1.0809174560418489,1,-0.6452204673066916,-0.6465292027507025,-1.458599929692621,1,1.6465497330698955,Standard,False,True,False
-2.070583125686627,0,-1.1511340233018572,0.6062609479080984,-0.2005664762859743,0,-0.8775889215130269,Low,False,False,False
1.7818274357675286,1,0.42984583918303576,-1.5861218157448032,-0.36830427007352734,1,1.015515069424165,Moderate,True,False,False
0.4758952758725628,1,-1.657047579297023,-1.5861218157448032,0.3865158019704612,0,1.6465497330698955,Standard,True,False,False
-0.9025676211326635,0,-1.4040908012994402,0.6062609479080984,-0.7876487545424096,1,-0.2465542578672963,Standard,False,True,False
-0.32665191751089373,0,0.24012825568484855,1.5458535609021986,-1.0392554452237388,0,-1.1931062533358923,Standard,False,True,True
0.12850552156386746,1,0.42984583918303576,1.2326560232374986,-1.1231243421175154,0,-1.1931062533358923,Moderate,False,False,False
0.18030545844037454,1,1.6946297291709496,-0.6465292027507025,0.13490911128913163,1,-0.8775889215130269,Moderate,False,False,True
-0.24805890983619377,0,-1.5938083847976272,-0.6465292027507025,0.8897291833331196,0,1.015515069424165,Standard,True,False,True
-0.950308001827626,0,-0.7084596618060872,0.9194584855727984,-0.4521731669673035,0,-0.5620715896901616,Low,True,False,True
1.935332786845662,1,0.050410672186661315,0.9194584855727984,-1.458599929692621,1,1.6465497330698955,Ultra Vip,False,True,False
-0.17412085991633097,1,0.4930850336824314,1.2326560232374986,-1.5424688265863975,0,-1.1931062533358923,Low,True,False,True
0.3160028897354666,1,0.6828026171806183,-1.272924278080103,1.3929425646957787,0,1.015515069424165,Moderate,True,False,True
0.9928662237383074,0,-1.024655634303066,-0.6465292027507025,0.9735980802268961,0,-0.8775889215130269,Standard,True,False,False
1.1665069734769007,1,0.9357593951782015,1.5458535609021986,-1.290862135905068,0,-1.5086235851587575,Moderate,True,False,False
-0.20849176892007415,1,-0.39226368930910877,-0.3333316650860023,0.7219913895455673,1,1.015515069424165,Moderate,True,False,True
0.1215772123473653,1,-1.1511340233018572,-0.3333316650860023,-0.2844353731797508,0,1.015515069424165,Standard,True,False,False
0.881526129532482,1,1.3784337566739713,1.2326560232374986,-1.5424688265863975,0,-0.5620715896901616,Moderate,False,False,True
1.69181354336875,1,0.30336745018424416,0.9194584855727984,-1.794075517267727,0,1.3310324012470303,Ultra Vip,False,False,True
-1.5709329508621384,1,0.8092810061794099,-1.272924278080103,1.3929425646957787,0,-0.8775889215130269,Standard,False,False,False
-0.3361783426835846,1,-0.7716988563054828,-1.272924278080103,0.7219913895455673,1,-1.5086235851587575,Low,False,False,False
1.2267507872110204,1,-1.5305691902982315,-0.6465292027507025,-0.703779857648633,0,0.3844804057784345,Low,True,False,False
0.0958125624484965,0,-0.9614164398036703,-0.6465292027507025,0.13490911128913163,0,0.6999977376012998,Moderate,False,True,False
0.6290758624561725,1,1.5049121456727623,-1.272924278080103,-0.9553865483299623,0,1.015515069424165,Standard,True,False,False
-0.9122564285526161,1,-0.26578530031031716,1.5458535609021986,0.21877800818290816,0,1.015515069424165,Vip,False,False,True
-1.8916378892041483,1,1.6946297291709496,-0.9597267404154027,0.3026469050766847,0,0.06896307395556894,Moderate,False,True,False
0.2695074396028442,1,0.8725202006788054,0.6062609479080984,-0.8715176514361858,1,0.6999977376012998,Moderate,True,False,True
-0.8226214280641152,0,-1.467329995798836,0.6062609479080984,1.4768114615895553,0,-0.5620715896901616,Moderate,False,True,False
-0.05964137559677826,1,-0.07606771681212991,0.6062609479080984,1.1413358740144492,0,-0.8775889215130269,Moderate,True,False,False
0.16471676270324412,1,0.8725202006788054,1.5458535609021986,1.0574669771206726,0,-0.2465542578672963,Ultra Vip,False,False,False
0.3019297616394457,0,-1.5305691902982315,-1.272924278080103,1.6445492553771075,0,-0.5620715896901616,Low,True,False,False
-1.037832033101724,0,0.9357593951782015,-1.272924278080103,1.5606803584833318,1,-1.5086235851587575,Moderate,True,False,False
-0.47398674319307954,1,-0.32902449480971313,-1.272924278080103,0.0510402143953551,0,-1.1931062533358923,Low,False,False,False
1.1328938482937134,1,-0.20254610581092153,0.9194584855727984,1.0574669771206726,0,0.06896307395556894,Vip,True,False,True
-1.7013800228290994,1,1.188716173175784,-0.02013412742130222,0.5542535957580143,0,0.06896307395556894,Moderate,True,False,True
0.6863426683238258,1,-0.8981772453042747,0.9194584855727984,1.5606803584833318,1,-1.1931062533358923,Moderate,False,True,True
0.12444596538232314,1,0.11364986668605694,0.6062609479080984,-0.03282868249842143,0,-1.1931062533358923,Moderate,False,False,False
0.3988719632547268,1,1.3151945621745755,0.9194584855727984,-0.2844353731797508,0,-0.8775889215130269,Moderate,True,False,False
-0.5626474501980102,1,-1.0878948288024615,-1.5861218157448032,1.3090736678020023,0,0.06896307395556894,Standard,False,False,False
0.07540652670926652,1,-0.26578530031031716,1.5458535609021986,1.2252047709082257,1,0.06896307395556894,Ultra Vip,False,True,False
0.117301146502805,1,1.6313905346715545,1.2326560232374986,-0.11669757939219776,0,1.015515069424165,Ultra Vip,True,False,False
0.06301134850161755,0,-1.657047579297023,-0.02013412742130222,0.3026469050766847,0,-0.5620715896901616,Standard,False,False,False
0.9019862926874658,0,0.11364986668605694,1.5458535609021986,0.5542535957580143,1,0.6999977376012998,Ultra Vip,False,True,False
-0.9618912687989661,1,-1.3408516068000444,0.6062609479080984,0.13490911128913163,0,1.6465497330698955,Moderate,True,False,False
-0.20670556420019426,0,-1.657047579297023,0.9194584855727984,-0.4521731669673035,0,-1.5086235851587575,Standard,False,False,True
-0.6779388457538716,1,1.25195536767518,-1.5861218157448032,0.8897291833331196,0,-1.5086235851587575,Standard,True,False,False
-0.8278717873922461,0,0.9357593951782015,-1.272924278080103,-1.7102066203739505,1,1.3310324012470303,Moderate,True,False,False
0.4120249252829307,1,-0.5187420783079,0.6062609479080984,-1.290862135905068,1,-0.8775889215130269,Standard,False,False,True
-0.9412687233967205,0,-0.8981772453042747,0.6062609479080984,1.2252047709082257,0,-1.1931062533358923,Moderate,False,True,False
-0.4361516795810857,0,-0.5187420783079,-0.02013412742130222,0.805860286439343,0,1.6465497330698955,Vip,False,True,False
-0.6370726468596578,1,1.6946297291709496,1.2326560232374986,0.3865158019704612,0,1.015515069424165,Ultra Vip,False,True,False
-0.4929313387069535,0,-0.26578530031031716,0.9194584855727984,-0.703779857648633,0,-1.1931062533358923,Standard,False,True,True
-2.070583125686627,0,-0.8349380508048787,-0.02013412742130222,1.3929425646957787,1,0.3844804057784345,Vip,False,False,False
0.6656118680900722,1,0.3666066446836398,-0.3333316650860023,-0.7876487545424096,1,0.6999977376012998,Vip,False,True,False
0.4653404298005473,1,-1.3408516068000444,0.6062609479080984,0.9735980802268961,0,1.015515069424165,Moderate,True,False,True
0.0801156118798578,0,-1.4040908012994402,-0.3333316650860023,0.4703846988642377,1,-0.5620715896901616,Standard,True,False,False
0.1680726624799871,1,0.42984583918303576,0.9194584855727984,-0.53604206386108,0,1.3310324012470303,Vip,True,False,False
-1.1561004365240517,0,1.188716173175784,0.9194584855727984,-0.2005664762859743,0,1.015515069424165,Vip,True,False,False
-0.9142591429355117,0,0.11364986668605694,-0.6465292027507025,1.3090736678020023,1,-0.8775889215130269,Moderate,True,False,False
1.3400394683839867,0,-1.1511340233018572,0.6062609479080984,-0.11669757939219776,1,0.6999977376012998,Ultra Vip,False,False,False
0.8288601540039121,1,-0.8349380508048787,0.2930634102433982,-0.9553865483299623,0,0.3844804057784345,Low,False,True,True
-0.21038622847146116,1,0.6195634226812227,1.5458535609021986,0.21877800818290816,1,0.3844804057784345,Vip,True,False,False
0.40439295966162714,1,1.5049121456727623,-0.02013412742130222,1.5606803584833318,0,0.6999977376012998,Ultra Vip,True,False,False
-2.070583125686627,0,1.6313905346715545,0.6062609479080984,0.5542535957580143,1,1.3310324012470303,Ultra Vip,True,False,False
0.9894020691300565,1,0.17688906118545256,-0.9597267404154027,1.3929425646957787,1,-1.5086235851587575,Vip,False,False,False
0.8732446349221312,1,-1.5938083847976272,-0.6465292027507025,0.8897291833331196,1,-0.2465542578672963,Moderate,False,True,False
-1.7043029032798114,0,-0.5187420783079,1.2326560232374986,1.1413358740144492,0,1.6465497330698955,Ultra Vip,False,False,False
0.5433380359019547,1,0.050410672186661315,-0.9597267404154027,-1.0392554452237388,0,-0.5620715896901616,Low,False,False,True
1.5491336754414018,0,0.24012825568484855,-0.9597267404154027,1.3929425646957787,0,-0.2465542578672963,Ultra Vip,False,False,False
0.3392776785096547,1,0.9357593951782015,-1.272924278080103,0.7219913895455673,1,0.6999977376012998,Vip,False,False,True
-0.6016191895408364,1,-1.2776124123006487,-0.02013412742130222,-1.1231243421175154,0,0.06896307395556894,Low,False,True,False
-0.44188918565100166,1,0.30336745018424416,1.2326560232374986,0.3865158019704612,1,-0.2465542578672963,Vip,False,False,True
0.29202444455647736,1,0.42984583918303576,0.2930634102433982,-1.2069932390112919,0,1.015515069424165,Moderate,True,False,False
1.248185243849575,0,-1.467329995798836,-0.02013412742130222,0.8897291833331196,0,0.3844804057784345,Vip,False,True,False
-0.6482228945049667,1,-0.6452204673066916,-0.9597267404154027,1.3090736678020023,0,-0.5620715896901616,Low,True,False,True
-0.8728516698837583,0,0.6828026171806183,-0.9597267404154027,-0.6199109607548565,1,-1.1931062533358923,Standard,True,False,False
1.9463747796594628,1,-1.3408516068000444,0.6062609479080984,0.3865158019704612,0,-1.5086235851587575,Moderate,False,False,False
1.0235564684707832,0,-1.2143732178012532,-1.5861218157448032,-0.9553865483299623,1,-0.5620715896901616,Low,True,False,True
-0.34889828538575746,0,-1.657047579297023,0.2930634102433982,-0.8715176514361858,0,-0.2465542578672963,Low,False,False,True
1.493003545304581,0,0.9989985896775971,0.6062609479080984,-0.11669757939219776,1,0.06896307395556894,Ultra Vip,False,True,False
-0.9988061663431436,1,-0.9614164398036703,0.2930634102433982,-0.2005664762859743,0,1.015515069424165,Standard,True,False,False
-1.3137735986152375,0,-0.4555028838085044,-1.5861218157448032,-0.11669757939219776,0,1.3310324012470303,Standard,False,True,False
-0.17374196800605352,1,1.5049121456727623,-0.9597267404154027,1.3090736678020023,0,-1.1931062533358923,Standard,True,False,True
0.16980473978411315,1,1.5681513401721583,-0.3333316650860023,-0.7876487545424096,0,1.6465497330698955,Ultra Vip,False,False,False
-0.20730096577348736,1,-0.20254610581092153,-0.02013412742130222,1.2252047709082257,0,1.015515069424165,Moderate,True,False,True
-1.2523931091502858,1,1.188716173175784,0.6062609479080984,0.5542535957580143,0,-1.5086235851587575,Moderate,True,False,False
0.4749209823889923,1,-1.657047579297023,-0.6465292027507025,0.805860286439343,1,0.3844804057784345,Moderate,False,False,False
-1.7014341502448531,0,-0.7716988563054828,-0.6465292027507025,-0.03282868249842143,1,1.3310324012470303,Standard,True,False,False
0.3361924158116806,0,-1.657047579297023,-0.3333316650860023,-1.2069932390112919,0,0.3844804057784345,Low,True,False,False
-1.0847063751446238,0,-0.7084596618060872,-1.272924278080103,1.2252047709082257,1,1.6465497330698955,Moderate,False,True,True
0.15167205550654791,0,-0.5187420783079,1.5458535609021986,0.4703846988642377,0,1.3310324012470303,Ultra Vip,False,False,False
1.5236396626213027,1,-1.024655634303066,0.9194584855727984,-0.2005664762859743,0,-0.2465542578672963,Standard,False,True,True
-0.5771535976200618,1,0.9357593951782015,0.2930634102433982,-0.03282868249842143,1,1.6465497330698955,Vip,True,False,False
-0.38711224090802904,1,1.3784337566739713,-0.6465292027507025,0.3865158019704612,1,-1.1931062533358923,Moderate,False,True,False
0.03962830489592176,1,0.24012825568484855,0.6062609479080984,-0.7876487545424096,0,0.3844804057784345,Moderate,False,False,False
-2.070583125686627,1,0.556324228181827,1.5458535609021986,0.13490911128913163,0,-0.8775889215130269,Moderate,False,True,False
0.8321619263649015,1,-1.467329995798836,-0.6465292027507025,0.13490911128913163,0,-0.2465542578672963,Low,True,False,False
0.6312409590863296,1,-0.32902449480971313,0.6062609479080984,-0.7876487545424096,1,-0.5620715896901616,Moderate,False,False,False
-1.1978326740703285,0,1.0622377841769928,-0.02013412742130222,0.7219913895455673,0,1.3310324012470303,Vip,True,False,False
-0.41996758227066183,1,-1.3408516068000444,-0.6465292027507025,-1.290862135905068,0,-0.8775889215130269,Low,False,False,False
0.394974789320444,1,-0.13930691131152592,1.5458535609021986,1.3090736678020023,0,0.6999977376012998,Ultra Vip,False,False,False
-1.176939491589313,1,-1.657047579297023,-0.02013412742130222,1.2252047709082257,1,-1.1931062533358923,Standard,False,True,False
-1.4678743512666639,1,-1.2776124123006487,-1.272924278080103,-1.458599929692621,0,1.3310324012470303,Low,True,False,True
0.1680726624799871,0,-0.7716988563054828,-0.9597267404154027,1.0574669771206726,1,0.3844804057784345,Vip,False,False,True
-0.7563153437655562,0,0.8725202006788054,1.2326560232374986,-1.290862135905068,1,1.3310324012470303,Ultra Vip,True,False,False
0.2826062742152942,1,-1.657047579297023,0.9194584855727984,0.7219913895455673,0,1.6465497330698955,Vip,True,False,False
0.8206327868093157,0,-0.6452204673066916,-1.5861218157448032,0.5542535957580143,1,0.3844804057784345,Vip,False,False,False
-2.070583125686627,1,-0.7716988563054828,-0.6465292027507025,-0.4521731669673035,0,-0.2465542578672963,Low,True,False,False
1.2159794314759895,1,1.3151945621745755,-0.9597267404154027,0.7219913895455673,1,-0.5620715896901616,Vip,False,False,True
0.5820391381660112,1,-0.012828522312734299,-1.272924278080103,0.3026469050766847,1,1.6465497330698955,Moderate,True,False,True
-1.6381050738127603,1,0.7460418116800143,1.5458535609021986,0.21877800818290816,1,1.015515069424165,Ultra Vip,False,False,True
-0.533581027938152,0,0.30336745018424416,0.9194584855727984,-1.6263377234801741,0,-0.5620715896901616,Moderate,False,False,False
0.8788738861605392,0,-0.32902449480971313,-0.9597267404154027,1.3090736678020023,1,-0.8775889215130269,Moderate,False,True,False
0.2911584059044145,0,-1.024655634303066,1.2326560232374986,-0.11669757939219776,0,0.6999977376012998,Moderate,False,True,True
-0.1368811978776302,1,0.8725202006788054,1.2326560232374986,0.6381224926517908,1,0.06896307395556894,Ultra Vip,False,False,False
-0.6737169073250655,0,-1.5305691902982315,-0.3333316650860023,0.7219913895455673,1,-0.2465542578672963,Standard,True,False,False
-0.2670035053500678,1,1.7578689236703455,-0.02013412742130222,0.3026469050766847,1,1.6465497330698955,Ultra Vip,True,False,False
0.13326873415021318,1,-0.012828522312734299,-0.3333316650860023,-0.6199109607548565,1,-0.2465542578672963,Moderate,False,True,False
-0.3862462022559659,1,1.0622377841769928,-0.3333316650860023,-1.794075517267727,1,1.6465497330698955,Moderate,True,False,False
-1.2016215931731034,0,1.188716173175784,1.5458535609021986,1.3929425646957787,0,-1.5086235851587575,Ultra Vip,False,True,False
-2.070583125686627,0,1.5681513401721583,-0.02013412742130222,-0.6199109607548565,0,0.3844804057784345,Moderate,False,True,False
-1.047141948611399,0,0.3666066446836398,-0.6465292027507025,0.3865158019704612,0,-0.8775889215130269,Low,True,False,False
0.43367589158450104,1,0.3666066446836398,-0.3333316650860023,-1.5424688265863975,1,-0.5620715896901616,Standard,False,False,False
0.6466672725761983,0,-1.657047579297023,-0.6465292027507025,-0.8715176514361858,0,0.06896307395556894,Standard,False,False,False
0.1510766539332545,0,1.4416729511733672,-0.3333316650860023,-1.6263377234801741,0,-0.2465542578672963,Moderate,True,False,False
1.508105094299926,1,1.3784337566739713,0.2930634102433982,1.3090736678020023,0,0.6999977376012998,Ultra Vip,False,True,False
-0.31625945368614,0,1.25195536767518,0.9194584855727984,-0.8715176514361858,0,1.3310324012470303,Ultra Vip,False,True,False
-0.7256250990330803,1,-0.20254610581092153,0.2930634102433982,-0.36830427007352734,1,1.3310324012470303,Vip,False,False,False
-1.202595886656674,1,-0.39226368930910877,-0.02013412742130222,1.6445492553771075,0,1.6465497330698955,Vip,False,False,True
-1.1004033257132622,1,-1.024655634303066,1.5458535609021986,1.5606803584833318,1,0.3844804057784345,Moderate,True,False,False
2.0314089498088803,0,0.050410672186661315,0.6062609479080984,-0.7876487545424096,0,1.015515069424165,Vip,True,False,False
-0.3186951873950666,1,-0.8981772453042747,-0.02013412742130222,1.1413358740144492,0,1.6465497330698955,Moderate,True,False,True
1.6374154905360543,0,-0.012828522312734299,1.2326560232374986,-1.458599929692621,1,1.3310324012470303,Ultra Vip,True,False,False
0.12363405414601439,1,1.7578689236703455,-0.02013412742130222,-0.03282868249842143,1,-1.5086235851587575,Moderate,True,False,False
0.4958682922857615,0,-0.39226368930910877,-0.6465292027507025,0.21877800818290816,0,1.3310324012470303,Moderate,True,False,False
0.09559605278548085,0,-0.581981272807296,0.2930634102433982,-1.2069932390112919,0,-1.5086235851587575,Standard,False,False,False
-2.070583125686627,1,-0.5187420783079,-1.272924278080103,-0.4521731669673035,0,-1.1931062533358923,Low,False,True,False
-0.7785617116404197,1,0.24012825568484855,-1.5861218157448032,1.3090736678020023,0,-0.2465542578672963,Moderate,False,False,False
-1.1725551709132451,1,-1.4040908012994402,-0.9597267404154027,1.1413358740144492,0,-0.8775889215130269,Low,True,False,False
0.4231751729282393,1,-0.13930691131152592,-0.9597267404154027,0.0510402143953551,0,-0.5620715896901616,Standard,False,False,False
1.1609859770700004,0,1.5049121456727623,-0.3333316650860023,0.5542535957580143,1,-0.5620715896901616,Ultra Vip,True,False,False
0.9275885603390726,1,-1.2776124123006487,0.6062609479080984,-1.0392554452237388,0,-1.5086235851587575,Low,True,False,False
1.0692400073670967,0,1.5049121456727623,1.2326560232374986,0.5542535957580143,1,0.6999977376012998,Ultra Vip,True,False,False
-0.6618088758592019,1,-0.20254610581092153,0.2930634102433982,-1.458599929692621,1,-0.8775889215130269,Standard,False,False,False
-0.3005625031175016,0,1.1254769786763883,-1.5861218157448032,0.3865158019704612,0,1.3310324012470303,Moderate,True,False,False
-0.2905489312030254,0,-1.467329995798836,1.2326560232374986,0.3865158019704612,0,1.015515069424165,Vip,False,True,False
-0.2815637801878738,0,0.050410672186661315,-0.3333316650860023,-1.2069932390112919,1,-0.8775889215130269,Low,True,False,False
0.6232842289705024,1,-0.4555028838085044,-0.6465292027507025,-0.11669757939219776,1,-1.1931062533358923,Low,False,False,True
0.9656401336140832,1,-0.07606771681212991,-1.5861218157448032,0.3026469050766847,1,0.06896307395556894,Standard,True,False,False
-0.22402633724145074,1,-0.07606771681212991,1.5458535609021986,1.4768114615895553,0,0.06896307395556894,Vip,True,False,False
-0.4338242007036668,0,1.1254769786763883,-0.02013412742130222,1.6445492553771075,1,1.6465497330698955,Ultra Vip,False,False,False
-1.8482818291852539,1,1.5681513401721583,1.5458535609021986,1.2252047709082257,1,0.06896307395556894,Ultra Vip,False,False,True
-0.985977968809463,1,-0.7716988563054828,-0.6465292027507025,-0.8715176514361858,0,-0.2465542578672963,Low,False,False,False
0.5680742649014979,1,1.6946297291709496,0.2930634102433982,-1.3747310327988445,0,-0.2465542578672963,Moderate,True,False,False
0.24774821846976589,1,1.6946297291709496,-0.9597267404154027,-1.5424688265863975,0,1.015515069424165,Standard,True,False,True
0.8992257944840154,0,1.7578689236703455,-0.6465292027507025,-0.11669757939219776,0,1.3310324012470303,Ultra Vip,False,False,True
0.5882096635619581,1,1.5681513401721583,-1.272924278080103,-0.7876487545424096,0,1.015515069424165,Moderate,True,False,False
0.1366787613427106,1,0.11364986668605694,-0.3333316650860023,0.805860286439343,1,1.3310324012470303,Vip,True,False,True
-1.1076022720085341,1,0.556324228181827,0.2930634102433982,0.3026469050766847,0,1.6465497330698955,Vip,False,False,True
0.6421205696528688,1,-0.4555028838085044,-0.02013412742130222,-0.03282868249842143,1,1.3310324012470303,Moderate,True,False,True
1.2266966597952664,0,0.3666066446836398,0.9194584855727984,-1.290862135905068,1,1.015515069424165,Ultra Vip,False,False,False
-1.0431365198456086,1,0.6195634226812227,1.5458535609021986,0.13490911128913163,1,1.6465497330698955,Ultra Vip,True,False,False
-0.35717977999610795,0,0.6828026171806183,0.6062609479080984,1.4768114615895553,1,-0.2465542578672963,Ultra Vip,False,True,False
-0.6931486495807249,1,1.0622377841769928,0.9194584855727984,0.3865158019704612,0,-0.2465542578672963,Vip,False,False,False
2.111625779956198,0,-1.5305691902982315,-1.272924278080103,-0.2005664762859743,0,1.015515069424165,Standard,False,True,False
-0.5205904481572096,1,-0.6452204673066916,-0.9597267404154027,-1.0392554452237388,0,-1.1931062533358923,Low,False,False,True
0.06853234490851788,1,1.1254769786763883,-0.9597267404154027,-0.703779857648633,1,0.3844804057784345,Moderate,True,False,False
-0.9339073948541865,0,0.9989985896775971,-0.02013412742130222,-0.703779857648633,1,1.015515069424165,Vip,False,True,False
0.810673342310593,1,-1.2776124123006487,-1.5861218157448032,-0.4521731669673035,0,-1.1931062533358923,Low,False,False,False
-1.0315532528742686,1,0.24012825568484855,-1.5861218157448032,-0.36830427007352734,0,1.015515069424165,Low,True,False,True
1.3648298247992854,1,-0.581981272807296,-0.02013412742130222,0.8897291833331196,1,0.06896307395556894,Vip,True,False,False
0.9214180349431249,1,-1.2776124123006487,-0.3333316650860023,0.0510402143953551,0,-0.5620715896901616,Standard,False,False,False
1.1273728518868131,1,-0.8349380508048787,-0.6465292027507025,-0.8715176514361858,0,-0.8775889215130269,Low,False,True,False
0.23692273531898086,0,-1.2143732178012532,-1.5861218157448032,0.0510402143953551,0,0.3844804057784345,Standard,False,False,False
0.15058950719146938,0,0.6828026171806183,1.5458535609021986,-1.7102066203739505,0,1.6465497330698955,Ultra Vip,False,False,True
-0.7999420408632202,0,0.556324228181827,1.2326560232374986,1.3090736678020023,1,-1.1931062533358923,Ultra Vip,True,False,False
-0.8560721710000414,0,0.42984583918303576,-0.6465292027507025,0.3026469050766847,1,-0.8775889215130269,Moderate,False,False,False
1.9054003259337406,1,0.24012825568484855,-1.272924278080103,-1.0392554452237388,1,-0.8775889215130269,Low,True,False,True
-1.0214855535440386,1,1.5681513401721583,-1.272924278080103,-0.2844353731797508,0,1.015515069424165,Moderate,False,True,False
-0.6580740841721812,1,1.5681513401721583,0.2930634102433982,0.9735980802268961,0,1.6465497330698955,Ultra Vip,False,True,False
2.098905837254025,1,-1.3408516068000444,-1.272924278080103,1.1413358740144492,0,0.06896307395556894,Moderate,False,False,False
-1.4929353447607316,1,1.25195536767518,-1.272924278080103,0.7219913895455673,1,-1.5086235851587575,Moderate,False,False,False
0.8786573764975238,0,1.7578689236703455,0.6062609479080984,-1.1231243421175154,1,0.3844804057784345,Vip,True,False,False
0.08996680154707255,1,-0.581981272807296,0.2930634102433982,-1.3747310327988445,0,-0.8775889215130269,Low,True,False,False
-0.4755564382499435,0,1.25195536767518,-1.272924278080103,0.13490911128913163,0,0.06896307395556894,Moderate,True,False,False
-0.6701444978853063,1,0.8725202006788054,1.2326560232374986,-0.8715176514361858,0,-1.1931062533358923,Moderate,False,False,False
0.15140141842777813,0,-1.4040908012994402,0.9194584855727984,-0.8715176514361858,1,1.015515069424165,Vip,False,False,False
1.5943300675959302,1,-1.0878948288024615,0.9194584855727984,0.4703846988642377,1,0.06896307395556894,Vip,True,False,True
-1.9606503442904035,0,-1.2776124123006487,-1.272924278080103,1.4768114615895553,0,0.06896307395556894,Low,True,False,True
0.886451724366089,1,-1.0878948288024615,-1.5861218157448032,1.3929425646957787,1,-0.5620715896901616,Low,True,False,True
-0.5565851796335702,0,-0.581981272807296,1.5458535609021986,1.4768114615895553,0,-0.2465542578672963,Ultra Vip,False,False,False
1.1749508503345136,1,1.25195536767518,0.6062609479080984,0.7219913895455673,1,-0.5620715896901616,Ultra Vip,False,False,False
-1.429281503834115,1,-0.7716988563054828,-1.272924278080103,0.13490911128913163,1,1.015515069424165,Low,True,False,True
-0.04242885738702974,1,1.5681513401721583,-0.3333316650860023,0.8897291833331196,0,-0.5620715896901616,Moderate,False,True,True
-1.5127459789266682,0,1.25195536767518,-0.9597267404154027,0.7219913895455673,1,-0.2465542578672963,Vip,False,False,False
1.3944916486324357,0,-0.012828522312734299,-0.02013412742130222,-0.2844353731797508,0,-0.5620715896901616,Standard,True,False,False
0.09889782514647028,1,0.556324228181827,-1.5861218157448032,0.9735980802268961,0,1.015515069424165,Vip,True,False,False
-0.02803096479648552,0,1.6313905346715545,1.2326560232374986,-0.703779857648633,0,0.06896307395556894,Ultra Vip,False,False,False
-0.8943943813538207,1,-0.07606771681212991,1.2326560232374986,-0.6199109607548565,0,-1.5086235851587575,Standard,True,False,False
-0.8972631343887788,0,1.25195536767518,-0.3333316650860023,1.0574669771206726,0,1.3310324012470303,Ultra Vip,True,False,True
0.0300477523074765,0,1.25195536767518,-1.5861218157448032,0.9735980802268961,0,-0.5620715896901616,Standard,True,False,True
0.02257816893343476,0,-0.32902449480971313,0.6062609479080984,0.5542535957580143,0,1.015515069424165,Vip,True,False,False
0.31627352681423604,1,1.3784337566739713,0.6062609479080984,-1.5424688265863975,0,-0.5620715896901616,Moderate,False,False,False
-0.9674663926216206,0,0.8725202006788054,0.9194584855727984,-0.53604206386108,1,1.015515069424165,Ultra Vip,False,False,False
0.445962814960642,0,-0.9614164398036703,-1.5861218157448032,0.21877800818290816,0,-1.5086235851587575,Low,True,False,False
-1.1499299111281043,0,-1.0878948288024615,0.2930634102433982,-0.703779857648633,0,1.6465497330698955,Standard,True,False,True
0.05337666849741875,1,0.6828026171806183,-0.3333316650860023,-0.9553865483299623,1,0.3844804057784345,Moderate,True,False,False
-1.8966176114535094,1,0.4930850336824314,0.9194584855727984,-0.8715176514361858,1,-0.5620715896901616,Standard,False,False,False
0.9942735365479095,1,-1.657047579297023,-0.6465292027507025,1.4768114615895553,1,-1.5086235851587575,Standard,False,True,False
0.27908799219128916,0,-0.7084596618060872,-0.6465292027507025,0.3026469050766847,1,-1.5086235851587575,Standard,True,False,False
-1.840866373226966,1,-1.024655634303066,1.5458535609021986,1.4768114615895553,0,1.6465497330698955,Vip,False,True,True
-1.7138293284525024,1,-1.5938083847976272,0.9194584855727984,0.5542535957580143,1,-0.2465542578672963,Standard,True,False,True
2.1600698170559616,1,1.25195536767518,-1.5861218157448032,0.3865158019704612,0,-0.8775889215130269,Standard,True,False,False
-0.15631294013328934,0,0.4930850336824314,-1.5861218157448032,1.3090736678020023,0,0.06896307395556894,Standard,True,False,True
-0.9280075065370087,1,-0.26578530031031716,0.2930634102433982,-0.4521731669673035,0,-0.8775889215130269,Standard,False,False,False
0.23405398228402274,1,1.0622377841769928,-1.272924278080103,-1.5424688265863975,0,0.6999977376012998,Standard,True,False,False
-2.070583125686627,0,-0.012828522312734299,1.5458535609021986,0.6381224926517908,1,-0.2465542578672963,Vip,True,False,False
0.22842473104561445,1,0.7460418116800143,-0.3333316650860023,-0.53604206386108,1,-0.2465542578672963,Moderate,True,False,False
-0.403783484960238,0,-0.7716988563054828,-1.5861218157448032,-1.1231243421175154,0,-0.8775889215130269,Low,False,False,True
-0.13855914776600184,1,0.050410672186661315,0.6062609479080984,-0.4521731669673035,0,0.3844804057784345,Standard,True,False,False
-1.2079003734005584,0,-0.6452204673066916,1.5458535609021986,-0.03282868249842143,0,-0.8775889215130269,Low,True,False,True
-0.08112995965108677,1,1.6946297291709496,-0.6465292027507025,0.0510402143953551,1,1.6465497330698955,Vip,True,False,False
0.7001992867568307,1,-1.1511340233018572,0.9194584855727984,0.9735980802268961,0,-0.2465542578672963,Moderate,True,False,False
0.27188904589601687,1,-0.39226368930910877,1.5458535609021986,-1.1231243421175154,1,1.015515069424165,Vip,False,False,True
-0.6851377920491439,0,-0.26578530031031716,-0.6465292027507025,-1.3747310327988445,1,-1.1931062533358923,Low,True,False,False
-1.5052222681368725,0,0.9989985896775971,1.5458535609021986,0.0510402143953551,0,-1.1931062533358923,Moderate,False,True,True
1.055112751855322,1,-1.2143732178012532,-0.3333316650860023,-1.5424688265863975,0,1.015515069424165,Standard,False,True,False
-0.22180711319553956,0,-0.7084596618060872,-0.02013412742130222,0.4703846988642377,1,-1.1931062533358923,Moderate,False,True,False
-0.2658668296192351,1,0.6828026171806183,1.5458535609021986,0.6381224926517908,0,-1.1931062533358923,Moderate,True,False,False
-0.22094107454347667,1,-1.657047579297023,0.2930634102433982,-0.4521731669673035,1,1.6465497330698955,Moderate,False,False,True
-0.13536563023652037,1,0.7460418116800143,-0.3333316650860023,0.3026469050766847,0,1.3310324012470303,Vip,False,True,True
-0.8022695197406391,0,0.7460418116800143,-0.6465292027507025,-0.36830427007352734,0,1.015515069424165,Standard,True,False,True
1.7743037249777331,1,0.8092810061794099,0.2930634102433982,1.3929425646957787,0,1.015515069424165,Ultra Vip,False,True,False
-0.8439476298711619,1,-0.7716988563054828,-0.02013412742130222,-0.6199109607548565,1,-0.2465542578672963,Low,True,False,True
0.34036022682473294,0,0.3666066446836398,1.5458535609021986,0.0510402143953551,0,1.015515069424165,Vip,True,False,True
0.9740840104716949,0,1.6946297291709496,-0.6465292027507025,-1.0392554452237388,1,-0.8775889215130269,Standard,True,False,False
2.1734934161629353,0,-0.9614164398036703,0.9194584855727984,-1.290862135905068,0,-0.8775889215130269,Standard,False,True,True
-1.9176731761817867,0,0.556324228181827,1.2326560232374986,-0.2844353731797508,0,1.015515069424165,Ultra Vip,False,False,False
-0.3671392244948304,1,1.6946297291709496,-0.02013412742130222,-0.6199109607548565,1,-1.1931062533358923,Standard,True,False,True
-1.9082550058406034,1,-1.024655634303066,1.5458535609021986,1.4768114615895553,1,-0.2465542578672963,Vip,False,False,False
0.1780321069787098,1,-1.5938083847976272,-1.272924278080103,-0.2844353731797508,0,1.3310324012470303,Standard,False,False,True
0.14393183505373638,1,0.30336745018424416,1.2326560232374986,-1.3747310327988445,1,-0.5620715896901616,Standard,True,False,False
0.5360308347751742,0,1.1254769786763883,-1.272924278080103,-0.9553865483299623,0,-0.8775889215130269,Low,True,False,False
-1.630906127517488,0,-1.2143732178012532,0.9194584855727984,-0.4521731669673035,1,-1.5086235851587575,Low,True,False,False
-1.0803761818843096,1,0.556324228181827,1.5458535609021986,1.4768114615895553,0,-1.5086235851587575,Vip,False,False,False
-0.06158996256391938,1,-0.9614164398036703,-1.272924278080103,0.3865158019704612,1,-0.5620715896901616,Low,True,False,True
0.5147046329681279,1,-0.32902449480971313,0.2930634102433982,-1.1231243421175154,0,1.015515069424165,Standard,True,False,False
-0.12897859517755716,1,0.3666066446836398,0.6062609479080984,-0.4521731669673035,1,1.015515069424165,Moderate,True,False,True
1.1208775619963414,1,-0.6452204673066916,1.2326560232374986,-1.1231243421175154,0,0.3844804057784345,Standard,True,False,True
0.3833915223491038,0,1.6313905346715545,-1.5861218157448032,-0.2844353731797508,1,0.06896307395556894,Moderate,True,False,False
-1.8300408900761809,1,1.5049121456727623,-0.9597267404154027,1.3929425646957787,0,-0.8775889215130269,Moderate,False,True,False
0.17148268967248478,0,0.24012825568484855,-0.02013412742130222,0.6381224926517908,0,0.6999977376012998,Vip,True,False,False
1.3570896043464735,0,-0.8981772453042747,-0.9597267404154027,-1.2069932390112919,1,0.3844804057784345,Standard,True,False,False
-0.5375323292881883,1,0.556324228181827,-0.6465292027507025,0.0510402143953551,0,0.6999977376012998,Moderate,False,True,True
0.9523247893386172,1,-1.5305691902982315,-1.5861218157448032,-0.703779857648633,0,-1.1931062533358923,Low,True,False,True
0.7230951836207414,1,0.42984583918303576,0.2930634102433982,-0.8715176514361858,1,-0.2465542578672963,Moderate,False,False,True
0.10604264402598841,1,-1.467329995798836,-1.5861218157448032,1.0574669771206726,0,-1.5086235851587575,Standard,False,False,False
-0.3369902539198936,1,-0.7716988563054828,0.9194584855727984,0.3865158019704612,0,-0.8775889215130269,Standard,False,False,False
0.062415946928324154,1,0.17688906118545256,0.2930634102433982,-1.458599929692621,0,1.015515069424165,Vip,False,False,False
-1.3696872190890428,1,-1.5938083847976272,1.2326560232374986,-0.6199109607548565,0,0.3844804057784345,Low,True,False,False
-1.0490364081627868,1,0.24012825568484855,-0.9597267404154027,-1.3747310327988445,0,1.6465497330698955,Low,True,False,False
-0.3590201121317414,0,-0.32902449480971313,-0.9597267404154027,0.13490911128913163,0,1.3310324012470303,Vip,False,False,False
-0.8920669024764021,1,-1.4040908012994402,0.2930634102433982,0.3865158019704612,0,0.6999977376012998,Moderate,False,True,False
0.7507001656552437,1,0.556324228181827,-1.272924278080103,0.9735980802268961,0,0.6999977376012998,Ultra Vip,False,False,False
-1.935535223380582,1,0.6195634226812227,1.2326560232374986,-0.6199109607548565,1,0.3844804057784345,Moderate,True,False,False
-0.5425120515375497,1,-0.5187420783079,-1.272924278080103,1.1413358740144492,1,0.06896307395556894,Moderate,False,True,False
-0.680645216541568,1,0.050410672186661315,0.2930634102433982,0.0510402143953551,0,-1.5086235851587575,Standard,False,True,True
-0.07842358886339044,1,-1.3408516068000444,-0.9597267404154027,-1.794075517267727,0,1.3310324012470303,Low,False,False,True
-1.1575077493336536,1,-1.2776124123006487,-0.6465292027507025,-1.5424688265863975,0,0.06896307395556894,Low,False,True,False
-0.07571721807569412,1,-0.8349380508048787,-1.5861218157448032,-1.7102066203739505,0,0.6999977376012998,Low,False,False,False
0.08736868559088419,0,-1.657047579297023,1.5458535609021986,0.6381224926517908,1,0.06896307395556894,Vip,True,False,False
0.016191133874471544,1,1.1254769786763883,1.5458535609021986,0.805860286439343,0,-1.5086235851587575,Vip,False,False,False
-0.06002026750705572,1,-1.467329995798836,0.6062609479080984,-1.3747310327988445,0,1.6465497330698955,Low,True,False,True
1.5826385457930818,0,0.3666066446836398,0.9194584855727984,0.3026469050766847,0,0.3844804057784345,Ultra Vip,False,False,False
-2.070583125686627,1,1.3784337566739713,-0.6465292027507025,-0.53604206386108,0,-0.5620715896901616,Low,True,False,False
-0.31490626829229174,1,0.11364986668605694,1.2326560232374986,0.7219913895455673,0,-0.2465542578672963,Moderate,True,False,False
-0.13720596237215382,1,1.6313905346715545,-1.5861218157448032,-0.53604206386108,1,-0.8775889215130269,Standard,False,True,False
-0.53921027917656,1,-1.3408516068000444,-0.3333316650860023,1.3929425646957787,1,-1.1931062533358923,Standard,True,False,False
0.28044117758513715,0,0.556324228181827,1.5458535609021986,-0.11669757939219776,0,0.3844804057784345,Vip,True,False,False
-1.3405125419976769,1,-1.5938083847976272,-0.6465292027507025,-1.290862135905068,1,-0.8775889215130269,Low,False,False,True
0.6282639512198638,1,1.6946297291709496,-0.02013412742130222,0.3865158019704612,0,0.6999977376012998,Ultra Vip,False,False,True
0.8484542785068333,0,-0.26578530031031716,0.6062609479080984,-0.2005664762859743,1,-0.5620715896901616,Standard,True,False,False
-0.03858581086850105,1,-0.5187420783079,-0.9597267404154027,1.2252047709082257,0,1.015515069424165,Moderate,True,False,False
0.873731781663917,0,-0.32902449480971313,0.6062609479080984,-0.6199109607548565,1,-0.5620715896901616,Moderate,False,True,False
-1.5438692429851755,1,1.5681513401721583,-1.5861218157448032,0.7219913895455673,0,0.6999977376012998,Moderate,True,False,False
-0.14527094731948867,1,-0.581981272807296,-0.6465292027507025,-0.2005664762859743,0,-0.2465542578672963,Low,True,False,True
-0.1421856846215149,1,0.3666066446836398,1.5458535609021986,-0.03282868249842143,1,1.3310324012470303,Ultra Vip,False,True,False
-2.070583125686627,0,1.4416729511733672,0.9194584855727984,1.3929425646957787,0,-0.8775889215130269,Vip,True,False,False
0.8958157672915182,1,0.17688906118545256,-0.3333316650860023,-0.703779857648633,1,1.6465497330698955,Vip,False,True,False
0.3471802812097277,1,-0.8981772453042747,0.9194584855727984,-1.7102066203739505,1,1.3310324012470303,Moderate,True,False,False
0.1833365937225945,0,0.17688906118545256,-0.9597267404154027,-1.2069932390112919,0,1.015515069424165,Standard,False,True,True
-0.8415118961622353,1,0.7460418116800143,0.6062609479080984,-1.0392554452237388,1,0.06896307395556894,Vip,False,False,False
1.1966018166360834,0,-0.581981272807296,1.2326560232374986,-0.53604206386108,1,-0.5620715896901616,Vip,False,False,False
0.09445937705464848,1,1.5049121456727623,-0.9597267404154027,-1.794075517267727,1,1.6465497330698955,Vip,True,False,False
0.0805486312058894,0,-0.13930691131152592,-0.9597267404154027,0.3865158019704612,0,-1.5086235851587575,Low,True,False,True
1.0564118098334165,1,0.24012825568484855,0.9194584855727984,-1.1231243421175154,0,-1.1931062533358923,Standard,True,False,False
-0.576558196046769,1,1.7578689236703455,-1.5861218157448032,0.6381224926517908,0,-1.5086235851587575,Standard,False,False,True
2.3748474027675384,1,1.188716173175784,-0.02013412742130222,-1.7102066203739505,0,-0.5620715896901616,Moderate,False,True,False
0.754759721836788,0,-0.39226368930910877,-0.02013412742130222,-0.36830427007352734,0,-1.5086235851587575,Low,True,False,True
0.7536771735217095,1,1.6946297291709496,-0.3333316650860023,0.5542535957580143,1,-0.5620715896901616,Vip,False,True,False
0.13868147572560585,0,1.188716173175784,-0.02013412742130222,1.0574669771206726,1,0.3844804057784345,Ultra Vip,True,False,False
-0.06169821739542735,1,-1.5938083847976272,-1.272924278080103,1.2252047709082257,0,-1.5086235851587575,Low,True,False,False
0.19713908473984532,0,-1.657047579297023,1.5458535609021986,0.13490911128913163,0,0.6999977376012998,Moderate,True,False,True
-0.66895369473872,0,0.6828026171806183,-0.3333316650860023,-0.703779857648633,0,-0.5620715896901616,Moderate,False,False,False
-0.7013218893595674,0,0.24012825568484855,-1.272924278080103,-0.2005664762859743,1,0.06896307395556894,Moderate,False,False,False
-0.021968694232045633,0,-0.5187420783079,0.6062609479080984,-1.3747310327988445,0,-0.2465542578672963,Standard,False,True,False
0.07832940715997849,0,-1.3408516068000444,1.5458535609021986,-1.7102066203739505,0,-0.8775889215130269,Low,True,False,True
-2.070583125686627,1,-0.7716988563054828,-1.5861218157448032,0.5542535957580143,1,-1.5086235851587575,Low,False,False,False
1.4348165733691105,0,1.25195536767518,0.2930634102433982,0.3026469050766847,1,-1.5086235851587575,Ultra Vip,True,False,False
0.3895079203292975,1,0.7460418116800143,-0.9597267404154027,-1.458599929692621,0,-1.5086235851587575,Low,True,False,False
1.656143576386913,1,-1.5305691902982315,1.2326560232374986,-1.2069932390112919,1,0.3844804057784345,Moderate,False,True,False
-0.7464641540983418,0,1.6946297291709496,1.5458535609021986,-1.290862135905068,0,-0.5620715896901616,Moderate,False,True,False
-0.5155565984920943,1,0.11364986668605694,-0.9597267404154027,-0.7876487545424096,0,-0.2465542578672963,Low,True,False,True
1.7207175833813468,0,0.6195634226812227,1.5458535609021986,0.21877800818290816,1,0.6999977376012998,Ultra Vip,True,False,False
-0.8017823729988539,1,-1.5305691902982315,0.2930634102433982,0.7219913895455673,1,1.6465497330698955,Moderate,True,False,True
-1.3171836258077345,1,0.050410672186661315,-1.5861218157448032,1.4768114615895553,1,-1.5086235851587575,Low,True,False,False
0.42999522731323414,1,1.7578689236703455,0.6062609479080984,-0.03282868249842143,1,1.015515069424165,Ultra Vip,False,False,False
-1.5153982222986107,1,-0.39226368930910877,-1.5861218157448032,-1.3747310327988445,1,1.3310324012470303,Low,True,False,False
1.1916762218024766,0,-1.2143732178012532,1.2326560232374986,0.805860286439343,1,-1.1931062533358923,Vip,False,True,False
-0.34121219234869976,0,0.4930850336824314,1.2326560232374986,-0.53604206386108,0,0.06896307395556894,Vip,False,False,True
-0.690929425534814,1,-1.4040908012994402,1.5458535609021986,0.13490911128913163,0,0.06896307395556894,Standard,True,False,False
-0.9482511600289768,1,1.0622377841769928,-0.9597267404154027,-1.290862135905068,0,-1.1931062533358923,Low,False,False,False
-0.060778051327610626,0,0.050410672186661315,-0.3333316650860023,0.6381224926517908,0,0.3844804057784345,Moderate,True,False,False
-0.533581027938152,1,-0.8349380508048787,0.9194584855727984,-1.458599929692621,0,-1.5086235851587575,Low,False,False,True
0.2125112708139604,1,1.1254769786763883,1.5458535609021986,-0.2005664762859743,1,-0.2465542578672963,Vip,False,True,False
-1.8174292022055163,0,-0.13930691131152592,-0.9597267404154027,-1.1231243421175154,0,1.6465497330698955,Standard,False,False,False
-1.3807292119028436,0,-0.20254610581092153,-0.3333316650860023,0.9735980802268961,0,-0.8775889215130269,Standard,False,True,False
-0.5495486155855599,1,1.6946297291709496,-0.9597267404154027,-0.11669757939219776,0,-1.1931062533358923,Low,False,True,True
-0.02916764052731818,1,0.8092810061794099,0.9194584855727984,0.21877800818290816,0,1.015515069424165,Vip,True,False,False
-0.20253775318714196,0,-0.39226368930910877,0.2930634102433982,-1.6263377234801741,0,-0.5620715896901616,Low,False,True,False
0.13456779212830708,1,0.30336745018424416,-1.272924278080103,0.6381224926517908,1,1.015515069424165,Moderate,True,False,False
-0.3022945804216271,0,-1.0878948288024615,0.9194584855727984,0.4703846988642377,0,0.3844804057784345,Vip,False,False,True
0.5446912212958025,1,-0.581981272807296,-0.02013412742130222,-1.5424688265863975,1,1.015515069424165,Standard,True,False,False
0.19372905754734793,0,-0.5187420783079,-0.3333316650860023,1.4768114615895553,1,-0.8775889215130269,Moderate,True,False,False
1.3660206279458709,1,-0.8349380508048787,0.2930634102433982,-0.53604206386108,1,-0.8775889215130269,Low,True,False,True
1.1404716864992626,1,1.25195536767518,0.9194584855727984,1.2252047709082257,0,-1.1931062533358923,Ultra Vip,True,False,False
-0.667492254513364,0,1.4416729511733672,-1.272924278080103,0.8897291833331196,1,-1.1931062533358923,Moderate,True,False,False
0.03324126983695855,1,1.188716173175784,-1.272924278080103,-1.2069932390112919,0,-1.5086235851587575,Low,True,False,False
-2.070583125686627,0,-0.7716988563054828,0.2930634102433982,-0.36830427007352734,0,1.015515069424165,Standard,True,False,False
0.5549213028732943,0,-1.024655634303066,-1.272924278080103,0.3026469050766847,0,-1.5086235851587575,Low,True,False,False
-1.4613249339604388,1,0.30336745018424416,-0.6465292027507025,-0.4521731669673035,0,-0.5620715896901616,Low,True,False,False
-0.08459411425933772,0,-0.7716988563054828,1.5458535609021986,1.5606803584833318,1,-0.8775889215130269,Vip,False,False,False
-1.5257365587076106,1,-0.13930691131152592,-0.02013412742130222,0.8897291833331196,1,0.6999977376012998,Vip,False,True,False
-1.2155323390218622,0,0.9357593951782015,0.9194584855727984,0.0510402143953551,1,0.06896307395556894,Vip,True,False,False
0.9700244542901506,1,-1.467329995798836,-0.9597267404154027,-1.2069932390112919,0,0.06896307395556894,Low,True,False,True
-0.18472983340410032,1,-0.13930691131152592,0.2930634102433982,0.9735980802268961,0,-1.1931062533358923,Standard,True,False,True
-0.8882779833736273,1,0.4930850336824314,0.6062609479080984,0.3865158019704612,1,1.6465497330698955,Ultra Vip,False,False,False
-0.05861295469745357,1,1.5049121456727623,-0.9597267404154027,-1.0392554452237388,1,0.06896307395556894,Standard,True,False,False
0.7058826654109932,0,0.8092810061794099,-0.9597267404154027,-1.458599929692621,1,-1.5086235851587575,Low,True,False,True
0.1525380941586108,0,-1.2776124123006487,-1.5861218157448032,-0.2844353731797508,1,1.6465497330698955,Moderate,False,True,False
2.1521672143558885,1,-1.2143732178012532,0.9194584855727984,-1.6263377234801741,1,-0.2465542578672963,Moderate,False,False,False
0.45327001608742196,1,0.42984583918303576,-1.5861218157448032,-1.1231243421175154,1,-0.2465542578672963,Low,False,True,False
1.1735976649406652,1,-1.1511340233018572,-0.9597267404154027,0.4703846988642377,1,-0.2465542578672963,Standard,True,False,False
-1.1779679124886377,1,-0.39226368930910877,-1.5861218157448032,-0.2005664762859743,0,1.015515069424165,Low,True,False,False
0.8581430859267862,1,0.4930850336824314,1.5458535609021986,0.8897291833331196,1,1.015515069424165,Ultra Vip,True,False,False
0.8184676901791587,1,-1.3408516068000444,0.9194584855727984,1.4768114615895553,0,1.3310324012470303,Ultra Vip,False,True,False
-0.4822141103876765,0,0.24012825568484855,0.9194584855727984,-1.794075517267727,0,-0.2465542578672963,Moderate,False,True,False
0.5121606444276933,1,1.7578689236703455,-0.02013412742130222,-0.703779857648633,1,0.6999977376012998,Vip,True,False,False
-0.6524989603495267,1,1.7578689236703455,1.5458535609021986,-0.53604206386108,1,-1.5086235851587575,Moderate,True,False,False
0.5949755905311991,1,-0.20254610581092153,-1.5861218157448032,-1.5424688265863975,0,-0.8775889215130269,Low,False,False,False
0.8073174425338503,1,-1.2776124123006487,-0.3333316650860023,0.4703846988642377,0,-0.2465542578672963,Standard,False,True,False
0.9433937657392192,1,0.6195634226812227,-0.6465292027507025,-1.2069932390112919,1,-1.1931062533358923,Standard,False,True,False
1.9791759936063422,1,-0.012828522312734299,0.2930634102433982,1.3929425646957787,0,1.015515069424165,Ultra Vip,True,False,False
-1.7535588516158838,0,-1.1511340233018572,-0.6465292027507025,0.5542535957580143,1,0.6999977376012998,Standard,True,False,True
-1.4435170141773972,1,-0.4555028838085044,-0.6465292027507025,1.6445492553771075,1,0.6999977376012998,Moderate,False,True,True
-1.4339364615889523,1,0.24012825568484855,0.9194584855727984,0.7219913895455673,0,0.6999977376012998,Moderate,True,False,True
-0.2470846163526229,1,1.188716173175784,-1.5861218157448032,1.1413358740144492,1,-0.5620715896901616,Moderate,False,True,False
0.1492904492133752,1,0.7460418116800143,-0.02013412742130222,-0.8715176514361858,0,-0.5620715896901616,Standard,False,True,False
-0.8586161595404759,0,0.4930850336824314,-1.5861218157448032,-0.703779857648633,0,-0.8775889215130269,Low,True,False,True
-1.3258440123283628,1,-0.07606771681212991,-0.9597267404154027,1.5606803584833318,1,1.015515069424165,Vip,False,True,False
0.5496709435451639,1,-1.1511340233018572,0.2930634102433982,1.1413358740144492,0,0.3844804057784345,Moderate,True,False,True
-0.14770668102841522,0,0.24012825568484855,-0.3333316650860023,-1.794075517267727,1,-1.5086235851587575,Low,True,False,False
0.7488057061038564,0,1.188716173175784,-0.9597267404154027,-0.11669757939219776,1,1.6465497330698955,Ultra Vip,False,False,True
-0.39939916428417005,1,-0.13930691131152592,0.2930634102433982,-0.03282868249842143,0,0.06896307395556894,Low,True,False,True
-0.021589802321768468,0,-1.3408516068000444,1.5458535609021986,-0.11669757939219776,0,-0.8775889215130269,Low,True,False,False
1.7731670492469003,1,-0.26578530031031716,-0.9597267404154027,0.3026469050766847,0,0.6999977376012998,Standard,True,False,True
-0.4840003151075558,1,1.188716173175784,-0.3333316650860023,1.1413358740144492,1,-1.1931062533358923,Vip,False,True,True
0.8670199821104299,1,1.0622377841769928,-0.9597267404154027,1.2252047709082257,0,0.3844804057784345,Moderate,True,False,True
0.2978160780421472,0,0.17688906118545256,0.2930634102433982,0.4703846988642377,0,-0.8775889215130269,Vip,False,True,False
-0.29601580019417156,0,0.9357593951782015,-0.02013412742130222,0.7219913895455673,0,-0.2465542578672963,Moderate,True,False,False
1.5645058615155172,1,1.188716173175784,0.2930634102433982,-1.2069932390112919,0,-0.2465542578672963,Moderate,True,False,True
0.4737843066581599,1,0.6828026171806183,-0.3333316650860023,-1.2069932390112919,0,-1.1931062533358923,Standard,False,False,True
1.9735467423679338,0,-1.5938083847976272,-0.3333316650860023,-0.03282868249842143,0,1.015515069424165,Moderate,True,False,False
-1.2159653583478938,1,1.25195536767518,1.5458535609021986,1.4768114615895553,0,1.6465497330698955,Ultra Vip,False,True,False
-0.22489237589351335,1,-1.2143732178012532,-1.272924278080103,-1.5424688265863975,1,1.3310324012470303,Low,True,False,False
-0.4549880202634517,0,-0.4555028838085044,0.9194584855727984,-0.2005664762859743,1,0.3844804057784345,Vip,False,False,False
-0.21628611678863924,0,-0.8349380508048787,-0.3333316650860023,0.805860286439343,1,-0.2465542578672963,Standard,True,False,False
-1.7562110949878265,1,1.3784337566739713,-1.272924278080103,0.21877800818290816,0,-0.8775889215130269,Low,True,False,False
0.3670450427914184,1,0.3666066446836398,-0.3333316650860023,0.8897291833331196,0,-1.5086235851587575,Standard,True,False,True
-0.35961551370503453,0,1.3784337566739713,-0.9597267404154027,1.3090736678020023,0,-1.5086235851587575,Moderate,True,False,True
0.587939026483189,1,-0.581981272807296,-1.272924278080103,0.21877800818290816,0,-0.8775889215130269,Low,True,False,True
-2.070583125686627,1,1.3151945621745755,-0.3333316650860023,1.2252047709082257,0,1.6465497330698955,Ultra Vip,True,False,False
0.9873993547471609,1,-0.5187420783079,-1.5861218157448032,-1.458599929692621,0,-1.5086235851587575,Low,True,False,False
1.0757894246733213,0,0.8725202006788054,-1.5861218157448032,1.3090736678020023,0,-1.1931062533358923,Moderate,True,False,False
-0.19366085700349836,1,0.6195634226812227,0.2930634102433982,0.0510402143953551,0,0.6999977376012998,Moderate,True,False,True
1.5319211572316536,0,0.4930850336824314,1.2326560232374986,1.1413358740144492,1,1.3310324012470303,Ultra Vip,False,False,False
-0.821430624917529,1,-1.3408516068000444,-0.02013412742130222,0.3026469050766847,1,-0.8775889215130269,Low,True,False,True
0.21640844474824292,0,-0.012828522312734299,0.2930634102433982,1.5606803584833318,0,1.3310324012470303,Ultra Vip,False,False,False
-0.6389671064110451,1,0.556324228181827,-1.5861218157448032,-0.703779857648633,0,0.6999977376012998,Low,True,False,True
1.0438001219627515,1,1.5049121456727623,1.5458535609021986,-0.2844353731797508,0,-1.5086235851587575,Vip,False,True,False
-0.7822965033274407,1,-1.657047579297023,1.5458535609021986,-0.53604206386108,0,-0.8775889215130269,Low,True,False,True
-0.4850828634226343,0,-0.7716988563054828,0.2930634102433982,-1.5424688265863975,1,-0.2465542578672963,Standard,False,True,False
-1.4812979503736374,1,1.5049121456727623,-0.02013412742130222,-0.2844353731797508,1,0.6999977376012998,Moderate,True,False,False
0.24845187487456696,0,-0.5187420783079,0.6062609479080984,-0.03282868249842143,1,-1.5086235851587575,Moderate,False,True,False
3.196285064249115,1,-0.5187420783079,1.2326560232374986,1.3090736678020023,1,-0.2465542578672963,Ultra Vip,True,False,False
0.43535384147287265,0,-0.8349380508048787,-0.3333316650860023,1.6445492553771075,0,1.3310324012470303,Vip,False,True,True
-1.1327173929183556,0,-0.26578530031031716,0.2930634102433982,-0.4521731669673035,0,-0.2465542578672963,Standard,False,False,False
-0.2457314309587749,0,-1.5938083847976272,0.9194584855727984,0.21877800818290816,0,-1.1931062533358923,Standard,False,False,True
0.20617836317075103,1,-1.2143732178012532,-0.3333316650860023,-0.7876487545424096,0,-0.8775889215130269,Low,False,True,True
0.800497388148855,1,-0.39226368930910877,-1.5861218157448032,-0.4521731669673035,1,-1.1931062533358923,Low,False,False,False
2.2329253186607456,1,1.5681513401721583,-1.272924278080103,0.0510402143953551,1,-0.8775889215130269,Vip,False,False,False
1.4079693751551632,0,-0.7716988563054828,0.9194584855727984,-1.3747310327988445,0,0.6999977376012998,Vip,False,True,False
0.11600208852471083,1,0.24012825568484855,-0.6465292027507025,0.5542535957580143,0,1.015515069424165,Moderate,True,False,True
0.15362064247368934,0,0.17688906118545256,-1.5861218157448032,-0.8715176514361858,0,1.015515069424165,Low,True,False,True
1.2934898908356105,0,-1.467329995798836,-0.02013412742130222,1.2252047709082257,1,-1.1931062533358923,Moderate,True,False,True
0.7825812135343057,1,-0.8981772453042747,-1.272924278080103,-0.53604206386108,0,-0.2465542578672963,Low,False,True,False
-0.16611000238474996,0,-0.32902449480971313,-0.6465292027507025,-1.794075517267727,0,0.06896307395556894,Low,True,False,True
0.8430956643471945,1,-1.0878948288024615,0.9194584855727984,-1.3747310327988445,0,1.015515069424165,Moderate,False,False,False
0.1085325051506688,1,-1.2143732178012532,-0.3333316650860023,-0.2005664762859743,1,-0.2465542578672963,Low,True,False,False
0.5002526129618294,1,-0.9614164398036703,1.2326560232374986,-0.03282868249842143,1,0.06896307395556894,Moderate,True,False,False
0.4511049194572649,1,1.3784337566739713,1.2326560232374986,-0.2844353731797508,1,1.015515069424165,Ultra Vip,False,False,False
-0.7173436044227297,1,-1.2776124123006487,-0.9597267404154027,-0.03282868249842143,1,-0.2465542578672963,Low,True,False,True
1.8912189430062127,1,-0.8981772453042747,-0.02013412742130222,1.1413358740144492,0,-1.1931062533358923,Standard,True,False,True
1.2663179281271402,1,1.4416729511733672,0.2930634102433982,-0.03282868249842143,1,1.3310324012470303,Ultra Vip,True,False,False
-0.5990752010004019,1,-1.4040908012994402,-1.5861218157448032,0.3026469050766847,0,1.015515069424165,Low,True,False,False
-0.5074916135447598,1,1.25195536767518,-0.3333316650860023,-1.6263377234801741,0,-0.8775889215130269,Low,False,True,True
-0.19945249048916847,0,1.188716173175784,0.9194584855727984,0.4703846988642377,0,1.015515069424165,Ultra Vip,True,False,False
0.8015258090481796,0,-0.9614164398036703,-0.02013412742130222,-1.2069932390112919,0,-0.2465542578672963,Low,True,False,False
0.6432031179679473,0,-1.5938083847976272,1.5458535609021986,-0.6199109607548565,0,-0.8775889215130269,Moderate,False,False,False
0.8087788827592063,1,0.050410672186661315,-1.5861218157448032,-0.2005664762859743,1,-1.1931062533358923,Low,True,False,False
-0.2252712678037908,1,-1.467329995798836,1.2326560232374986,0.9735980802268961,0,0.6999977376012998,Moderate,True,False,True
-0.6691702044017357,1,-0.39226368930910877,-0.3333316650860023,1.0574669771206726,1,0.3844804057784345,Moderate,True,False,False
-0.354148644713888,1,0.9357593951782015,-1.5861218157448032,-0.36830427007352734,0,0.06896307395556894,Low,True,False,False
0.8179264160216191,1,0.4930850336824314,1.2326560232374986,0.7219913895455673,1,-0.8775889215130269,Moderate,True,False,True
-0.42532619643030034,1,-0.4555028838085044,-1.5861218157448032,-0.4521731669673035,1,1.015515069424165,Standard,False,True,False
-0.5622685582877325,1,1.3784337566739713,-0.3333316650860023,0.805860286439343,0,-0.5620715896901616,Moderate,True,False,False
0.17689543124787743,0,1.5049121456727623,-1.272924278080103,0.9735980802268961,0,-1.5086235851587575,Vip,False,True,False
-0.7277901956632373,0,0.7460418116800143,0.9194584855727984,0.13490911128913163,0,-0.8775889215130269,Moderate,True,False,True
-0.46245760363749344,1,1.5681513401721583,-0.02013412742130222,0.3865158019704612,1,1.015515069424165,Ultra Vip,False,False,True
-0.3307656011081922,1,-0.07606771681212991,-0.6465292027507025,-1.6263377234801741,0,0.3844804057784345,Low,False,True,False
-1.0635966830005927,1,-0.4555028838085044,-1.272924278080103,0.6381224926517908,1,-1.1931062533358923,Low,True,False,False
-0.5059219184878959,0,1.7578689236703455,-0.9597267404154027,0.8897291833331196,0,-0.8775889215130269,Moderate,True,False,True
-0.7784534568089116,0,0.8725202006788054,-0.9597267404154027,0.7219913895455673,1,-0.8775889215130269,Vip,False,False,False
0.803907415341352,1,-0.07606771681212991,-0.3333316650860023,-0.11669757939219776,0,0.3844804057784345,Standard,True,False,False
0.7504295285764739,1,-0.012828522312734299,-0.3333316650860023,1.0574669771206726,1,-0.2465542578672963,Ultra Vip,False,False,False
0.16049482427443768,0,-0.581981272807296,-1.272924278080103,1.4768114615895553,1,1.3310324012470303,Vip,True,False,False
-0.3419699761692547,0,0.24012825568484855,-0.6465292027507025,-0.03282868249842143,1,0.06896307395556894,Moderate,False,True,False
-0.6237573025841922,1,0.7460418116800143,-0.3333316650860023,-0.9553865483299623,0,1.3310324012470303,Moderate,True,False,False
-0.12324108910764091,1,0.42984583918303576,-0.02013412742130222,-0.9553865483299623,0,-0.5620715896901616,Low,False,True,True
-0.9964245600499708,0,-0.26578530031031716,-1.5861218157448032,-1.7102066203739505,0,-0.5620715896901616,Low,True,False,False
0.25153713757254076,0,-1.5305691902982315,0.2930634102433982,0.3865158019704612,0,-1.1931062533358923,Moderate,False,False,False
0.49224175543024873,0,0.6195634226812227,-1.272924278080103,-1.794075517267727,1,-1.5086235851587575,Standard,False,True,False
-0.03652896906985166,1,0.7460418116800143,-1.272924278080103,-1.458599929692621,0,-1.5086235851587575,Low,True,False,False
0.8833664616681155,0,0.8092810061794099,1.5458535609021986,0.3865158019704612,0,-0.8775889215130269,Vip,True,False,False
1.6335183166017722,1,-1.024655634303066,0.9194584855727984,-0.8715176514361858,0,-0.5620715896901616,Standard,False,True,False
-0.563459361434319,0,0.8725202006788054,0.2930634102433982,0.13490911128913163,1,-1.5086235851587575,Vip,False,True,False
-0.003944264785988655,1,1.0622377841769928,1.2326560232374986,0.3026469050766847,0,1.3310324012470303,Ultra Vip,False,False,False
0.4433105715886995,0,1.3784337566739713,-1.272924278080103,1.4768114615895553,1,1.3310324012470303,Ultra Vip,False,True,False
-0.17563642755744108,0,1.188716173175784,-1.5861218157448032,1.1413358740144492,0,1.6465497330698955,Ultra Vip,False,True,False
-0.35961551370503453,1,0.9357593951782015,1.5458535609021986,0.9735980802268961,1,-0.8775889215130269,Vip,True,False,True
0.9353829082076381,0,-1.3408516068000444,-0.02013412742130222,-0.6199109607548565,0,-0.5620715896901616,Low,True,False,False
-1.0570472656943677,1,-0.012828522312734299,1.2326560232374986,0.9735980802268961,0,-0.8775889215130269,Moderate,True,False,False
-0.542945070863581,1,-0.20254610581092153,1.5458535609021986,0.5542535957580143,0,-0.8775889215130269,Moderate,False,False,True
0.7484268141935784,1,-1.5305691902982315,1.5458535609021986,1.5606803584833318,0,0.06896307395556894,Vip,False,True,False
0.032916505342434926,0,-0.5187420783079,-1.5861218157448032,1.3090736678020023,1,0.3844804057784345,Moderate,True,False,False
1.178036113032487,0,1.0622377841769928,-1.5861218157448032,1.3090736678020023,1,0.3844804057784345,Ultra Vip,True,False,False
0.19004839327608103,1,-1.2143732178012532,1.5458535609021986,-0.8715176514361858,0,-1.5086235851587575,Low,True,False,False
-1.1240570063977278,0,1.3784337566739713,-1.272924278080103,-0.2005664762859743,1,-0.2465542578672963,Low,True,False,True
1.9312191032483639,0,-0.7084596618060872,-0.3333316650860023,-1.7102066203739505,1,-1.1931062533358923,Standard,False,True,True
0.7750033753287565,0,0.9357593951782015,1.2326560232374986,1.5606803584833318,1,0.3844804057784345,Ultra Vip,False,False,False
0.7119990633911869,0,-1.5938083847976272,0.9194584855727984,0.13490911128913163,1,-1.1931062533358923,Moderate,True,False,False
2.325591454431467,0,0.556324228181827,1.2326560232374986,0.4703846988642377,0,1.6465497330698955,Ultra Vip,True,False,False
0.12190197684188861,0,0.24012825568484855,1.5458535609021986,1.1413358740144492,1,-0.8775889215130269,Ultra Vip,False,True,False
0.4954352729597302,1,0.17688906118545256,1.2326560232374986,-1.1231243421175154,0,-0.8775889215130269,Standard,True,False,False
1.2942476746561655,1,0.8092810061794099,0.6062609479080984,1.4768114615895553,0,1.6465497330698955,Ultra Vip,False,True,False
-0.2019964790296027,1,-1.024655634303066,-1.272924278080103,1.4768114615895553,0,-1.1931062533358923,Low,True,False,True
-1.8630586136860754,0,-0.6452204673066916,-0.3333316650860023,0.7219913895455673,1,1.015515069424165,Moderate,True,False,True
-0.9783460031881598,1,-1.2143732178012532,-0.3333316650860023,-0.4521731669673035,0,-0.2465542578672963,Low,False,False,False
1.256141973965402,1,-0.7084596618060872,-0.6465292027507025,-0.8715176514361858,1,-0.2465542578672963,Standard,False,False,False
0.6007672240168692,1,0.24012825568484855,1.2326560232374986,0.21877800818290816,1,-0.2465542578672963,Ultra Vip,False,False,False
1.8171726382548419,1,-1.5938083847976272,1.2326560232374986,0.8897291833331196,0,-0.5620715896901616,Moderate,True,False,False
2.546214801044468,1,-1.4040908012994402,0.9194584855727984,0.805860286439343,0,-0.5620715896901616,Moderate,False,True,True
-0.5405093371546544,1,0.556324228181827,0.6062609479080984,-1.3747310327988445,0,1.3310324012470303,Vip,False,False,False
-0.035500548170527266,0,-0.7084596618060872,-1.272924278080103,0.7219913895455673,0,1.6465497330698955,Vip,False,False,False
0.7076147427151184,1,0.8725202006788054,-1.272924278080103,-1.794075517267727,0,-1.5086235851587575,Low,True,False,False
1.4377394538198225,1,-0.4555028838085044,-1.272924278080103,-0.7876487545424096,1,-1.5086235851587575,Low,False,True,False
-2.070583125686627,1,-1.0878948288024615,0.2930634102433982,1.1413358740144492,0,-0.2465542578672963,Low,True,False,True
1.9743586536042426,1,0.050410672186661315,0.2930634102433982,-0.53604206386108,0,0.6999977376012998,Ultra Vip,False,False,False
-0.288492089404376,1,-0.20254610581092153,1.2326560232374986,-0.36830427007352734,1,-0.2465542578672963,Moderate,False,False,False
-0.8845431916866062,0,1.4416729511733672,-0.3333316650860023,1.4768114615895553,0,-0.2465542578672963,Vip,True,False,False
-1.7549661644254857,0,-1.467329995798836,-0.9597267404154027,0.0510402143953551,0,0.6999977376012998,Standard,False,False,False
-1.7653586282502398,0,0.3666066446836398,0.6062609479080984,0.805860286439343,1,-1.1931062533358923,Vip,False,False,False
-0.3394801150445743,1,1.0622377841769928,-0.02013412742130222,1.1413358740144492,0,1.015515069424165,Vip,True,False,False
0.26252500297058784,0,-0.5187420783079,-0.3333316650860023,-1.5424688265863975,0,-1.1931062533358923,Standard,False,False,False
-1.330174205588677,1,1.6946297291709496,1.2326560232374986,0.3865158019704612,1,-1.5086235851587575,Vip,False,False,False
1.5070766734006018,1,1.4416729511733672,0.9194584855727984,-0.03282868249842143,0,0.3844804057784345,Ultra Vip,False,True,False
2.256903763839735,1,-1.0878948288024615,0.6062609479080984,-0.03282868249842143,0,1.015515069424165,Moderate,True,False,False
-1.0294422836598656,0,-0.7716988563054828,1.2326560232374986,-0.36830427007352734,0,-0.8775889215130269,Low,True,False,False
-0.7494952893805614,0,0.6195634226812227,-0.6465292027507025,0.9735980802268961,0,-1.1931062533358923,Moderate,True,False,False
0.6509974658365124,1,0.4930850336824314,0.6062609479080984,0.7219913895455673,1,0.06896307395556894,Vip,True,False,False
-0.4432964984606038,1,-0.8981772453042747,0.9194584855727984,-1.3747310327988445,1,-1.5086235851587575,Low,True,False,True
-0.10592031606638441,1,-0.20254610581092153,0.2930634102433982,-1.6263377234801741,1,0.6999977376012998,Standard,False,True,True
0.4352455866413647,0,-0.8981772453042747,1.2326560232374986,-1.1231243421175154,0,0.3844804057784345,Moderate,False,False,False
0.34155102997131914,1,-1.2143732178012532,0.9194584855727984,1.3929425646957787,1,0.6999977376012998,Vip,True,False,True
-0.6109291050505116,1,1.3151945621745755,1.2326560232374986,-0.703779857648633,1,-0.2465542578672963,Moderate,True,False,True
-0.9881971928553742,1,-0.7716988563054828,-0.6465292027507025,1.1413358740144492,1,-0.2465542578672963,Low,True,False,True
0.6326482718959318,1,-0.39226368930910877,-0.3333316650860023,1.6445492553771075,1,-1.5086235851587575,Standard,True,False,True
0.6822831121422814,1,0.42984583918303576,0.2930634102433982,-1.3747310327988445,1,0.06896307395556894,Moderate,True,False,False
1.9275384389770964,1,0.11364986668605694,1.5458535609021986,0.5542535957580143,1,-0.5620715896901616,Vip,True,False,False
0.8856398131297802,1,1.5049121456727623,1.2326560232374986,1.3090736678020023,0,1.015515069424165,Ultra Vip,True,False,False
-0.7081960711603164,0,1.25195536767518,-1.272924278080103,1.3929425646957787,1,0.3844804057784345,Vip,True,False,False
1.0020137570007208,1,1.7578689236703455,0.9194584855727984,1.2252047709082257,0,-0.8775889215130269,Ultra Vip,True,False,False
-0.6007531508887736,0,0.7460418116800143,0.2930634102433982,-1.0392554452237388,0,-0.8775889215130269,Standard,False,True,False
-0.46126680049090724,1,-1.657047579297023,-1.5861218157448032,0.0510402143953551,0,0.06896307395556894,Low,False,False,True
0.6034735948045653,1,0.6195634226812227,0.9194584855727984,-0.4521731669673035,0,-1.1931062533358923,Moderate,False,False,True
-1.086654962111765,0,-0.13930691131152592,0.2930634102433982,-0.11669757939219776,0,-0.8775889215130269,Low,True,False,False
2.0231815826142836,0,-0.39226368930910877,0.6062609479080984,-0.03282868249842143,0,-0.2465542578672963,Moderate,False,True,False
-1.0523923079395299,1,1.6946297291709496,1.5458535609021986,0.5542535957580143,1,0.3844804057784345,Vip,True,False,True
-0.868683858870706,0,1.7578689236703455,-0.02013412742130222,1.5606803584833318,0,0.3844804057784345,Ultra Vip,True,False,False
0.04260531276238757,0,-0.7716988563054828,-0.6465292027507025,1.2252047709082257,1,1.3310324012470303,Vip,True,False,False
1.2198766054102717,1,-0.8981772453042747,0.6062609479080984,-1.6263377234801741,0,0.3844804057784345,Moderate,False,False,False
-0.30786970424428156,1,1.5049121456727623,1.5458535609021986,-0.03282868249842143,0,-0.5620715896901616,Standard,True,False,True
0.32883108726914684,1,0.42984583918303576,-0.9597267404154027,0.21877800818290816,1,-1.1931062533358923,Standard,False,False,True
1.3146537103953955,0,-0.20254610581092153,0.2930634102433982,1.5606803584833318,0,1.3310324012470303,Ultra Vip,True,False,False
0.42945395315569457,1,-0.7084596618060872,-0.9597267404154027,1.3929425646957787,1,-1.5086235851587575,Standard,True,False,True
-0.1580450174374154,1,-1.2143732178012532,-0.02013412742130222,1.6445492553771075,0,-0.2465542578672963,Standard,True,False,False
-0.11907327809458859,0,0.42984583918303576,0.9194584855727984,-1.5424688265863975,1,-0.8775889215130269,Moderate,False,True,False
-1.620243026613965,1,0.9357593951782015,-0.02013412742130222,-0.7876487545424096,0,-1.1931062533358923,Low,False,True,False
-0.06868065402768367,1,1.3784337566739713,-1.5861218157448032,-1.1231243421175154,1,1.6465497330698955,Moderate,False,False,True
0.5580606929870223,0,-0.012828522312734299,0.6062609479080984,0.5542535957580143,0,0.06896307395556894,Vip,True,False,True
1.1206069249175723,0,0.24012825568484855,-1.5861218157448032,-1.0392554452237388,1,-1.5086235851587575,Standard,False,False,False
-0.7477090846606819,0,-1.2776124123006487,-0.02013412742130222,0.805860286439343,1,-1.1931062533358923,Standard,True,False,False
-1.4266833878779264,1,0.3666066446836398,0.6062609479080984,1.3090736678020023,0,0.06896307395556894,Moderate,True,False,False
-1.3655194080759903,1,-0.8349380508048787,0.9194584855727984,-0.6199109607548565,0,-1.5086235851587575,Low,False,True,True
-0.7153950174555883,1,-0.8349380508048787,0.9194584855727984,0.8897291833331196,1,-0.2465542578672963,Vip,False,False,False
1.0192804026262234,1,-1.3408516068000444,-0.3333316650860023,-1.5424688265863975,0,0.06896307395556894,Low,True,False,False
-2.070583125686627,1,1.188716173175784,-0.6465292027507025,-1.1231243421175154,0,0.3844804057784345,Low,True,False,False
-0.08659682864223296,1,1.5049121456727623,-0.3333316650860023,-1.1231243421175154,1,0.6999977376012998,Vip,False,False,False
0.7953011562364788,1,-0.39226368930910877,0.6062609479080984,-1.458599929692621,0,1.015515069424165,Standard,True,False,False
-1.146357501688345,0,-1.0878948288024615,-0.6465292027507025,0.3026469050766847,1,0.06896307395556894,Standard,False,False,False
-0.3136072103141975,1,0.556324228181827,-0.02013412742130222,-0.2005664762859743,0,0.06896307395556894,Moderate,False,False,False
0.8552202054760737,1,-1.2776124123006487,-0.6465292027507025,0.21877800818290816,0,-1.5086235851587575,Low,False,True,False
-0.6613758565331703,1,0.9989985896775971,-0.9597267404154027,1.5606803584833318,1,0.3844804057784345,Vip,False,True,True
1.0540302035402436,0,-1.3408516068000444,0.2930634102433982,1.3090736678020023,0,1.3310324012470303,Ultra Vip,False,True,False
0.10171245076567428,1,-1.4040908012994402,-0.9597267404154027,0.5542535957580143,1,-0.8775889215130269,Standard,False,False,False
0.4982498985789342,1,1.25195536767518,1.5458535609021986,-1.6263377234801741,0,-0.5620715896901616,Standard,True,False,True
-0.5132291196146755,1,1.25195536767518,-0.9597267404154027,-0.36830427007352734,1,1.3310324012470303,Vip,False,True,False
-0.6199683834814173,1,-1.467329995798836,-0.3333316650860023,0.7219913895455673,0,-0.2465542578672963,Standard,False,True,False
1.1780902404482414,0,0.050410672186661315,-0.02013412742130222,-1.1231243421175154,0,1.015515069424165,Moderate,False,True,True
0.11210491459042829,0,0.17688906118545256,-0.3333316650860023,1.5606803584833318,0,0.06896307395556894,Vip,True,False,True
0.1581673453970188,0,0.42984583918303576,0.2930634102433982,0.3026469050766847,1,0.6999977376012998,Vip,True,False,True
0.8624191517713465,1,0.7460418116800143,-0.3333316650860023,0.4703846988642377,1,-0.2465542578672963,Vip,False,True,True
1.2753030791422915,1,-0.7716988563054828,-0.3333316650860023,0.0510402143953551,0,-0.5620715896901616,Standard,False,False,False
1.1827451982030786,0,-0.8349380508048787,-1.5861218157448032,0.4703846988642377,0,0.3844804057784345,Standard,True,False,False
1.2718930519497944,0,1.188716173175784,1.2326560232374986,-0.53604206386108,0,-1.1931062533358923,Vip,True,False,True
0.7066404492315481,1,-1.5938083847976272,-1.272924278080103,1.5606803584833318,1,-0.8775889215130269,Low,False,True,True
0.8763298976201053,0,0.42984583918303576,-0.02013412742130222,-0.9553865483299623,1,0.6999977376012998,Vip,False,True,False
0.40493423381916643,0,0.42984583918303576,1.5458535609021986,-0.11669757939219776,1,0.6999977376012998,Ultra Vip,True,False,False
-0.08578491740592421,1,0.30336745018424416,0.2930634102433982,-1.290862135905068,0,-0.8775889215130269,Standard,False,False,False
0.60904871862722,0,-1.5938083847976272,-0.9597267404154027,-0.53604206386108,1,-1.5086235851587575,Low,False,True,True
0.8317289070388708,1,-1.1511340233018572,-1.272924278080103,-1.6263377234801741,0,-0.5620715896901616,Low,False,False,False
0.5591973687178546,1,-0.7084596618060872,1.2326560232374986,0.5542535957580143,0,1.6465497330698955,Ultra Vip,False,True,True
-1.4651679804789675,0,0.7460418116800143,-0.02013412742130222,1.6445492553771075,0,-1.5086235851587575,Moderate,False,True,False
-1.0388604540010486,1,-0.6452204673066916,-1.272924278080103,-1.6263377234801741,0,-0.2465542578672963,Low,True,False,True
1.5010685302519158,1,-1.5305691902982315,-0.9597267404154027,0.21877800818290816,1,-0.5620715896901616,Low,True,False,False
1.0515944698313173,0,0.11364986668605694,0.6062609479080984,1.3090736678020023,0,-1.5086235851587575,Vip,True,False,False
-1.4927729625134698,1,0.24012825568484855,1.2326560232374986,0.8897291833331196,1,1.015515069424165,Ultra Vip,True,False,False
0.7260721914872073,0,0.17688906118545256,0.9194584855727984,-1.290862135905068,1,1.6465497330698955,Vip,True,False,True
-1.9550752204677495,1,0.3666066446836398,-1.272924278080103,-0.8715176514361858,0,1.3310324012470303,Low,True,False,True
0.17251111057180948,1,-0.7084596618060872,1.2326560232374986,-1.7102066203739505,0,0.06896307395556894,Moderate,False,False,False
-0.3624301393242388,1,1.4416729511733672,-0.02013412742130222,1.2252047709082257,1,1.6465497330698955,Ultra Vip,False,False,False
-0.31745025683272654,1,-0.39226368930910877,-1.5861218157448032,0.7219913895455673,0,1.6465497330698955,Standard,True,False,True
0.2116452321618975,1,0.9989985896775971,1.2326560232374986,1.5606803584833318,1,1.6465497330698955,Ultra Vip,False,False,False
1.7409071094575608,1,-0.7716988563054828,1.2326560232374986,1.3090736678020023,0,0.06896307395556894,Vip,True,False,True
0.96877952372781,1,-1.4040908012994402,1.2326560232374986,-0.7876487545424096,1,0.6999977376012998,Vip,False,True,False
1.5735992673621761,0,0.6195634226812227,-1.5861218157448032,1.6445492553771075,0,0.6999977376012998,Ultra Vip,False,True,False
-0.23349863499838774,0,0.8725202006788054,-0.02013412742130222,-0.36830427007352734,0,-1.1931062533358923,Standard,True,False,False
-0.3077614494127736,0,0.11364986668605694,0.2930634102433982,-0.53604206386108,1,0.6999977376012998,Vip,False,True,True
0.367911081443481,0,0.17688906118545256,1.2326560232374986,-1.458599929692621,0,0.6999977376012998,Vip,False,False,True
-0.9745029566696307,1,0.42984583918303576,-0.6465292027507025,-1.5424688265863975,1,-1.1931062533358923,Low,True,False,False
0.22247071531268253,1,1.5681513401721583,0.6062609479080984,-0.03282868249842143,0,0.06896307395556894,Moderate,True,False,True
-0.686545104858746,0,-1.467329995798836,1.2326560232374986,-1.290862135905068,0,0.3844804057784345,Low,True,False,True
1.2723260712758258,0,-1.4040908012994402,0.2930634102433982,1.6445492553771075,0,-1.1931062533358923,Moderate,True,False,False
-0.25136068219718294,0,0.8725202006788054,-0.3333316650860023,-1.2069932390112919,1,0.06896307395556894,Moderate,False,True,False
0.46842569249852106,0,0.30336745018424416,-0.9597267404154027,-1.1231243421175154,1,-0.5620715896901616,Low,True,False,False
-1.4710137413803914,1,1.6313905346715545,-0.9597267404154027,0.6381224926517908,0,0.3844804057784345,Vip,False,False,False
-1.0071959157850021,1,-0.8349380508048787,-0.3333316650860023,-1.290862135905068,1,-1.1931062533358923,Low,True,False,False
0.5197384826332431,1,0.7460418116800143,-0.3333316650860023,-1.5424688265863975,0,-0.8775889215130269,Low,True,False,False
-2.070583125686627,1,0.6195634226812227,-0.3333316650860023,1.6445492553771075,1,-1.5086235851587575,Moderate,True,False,False
1.2431513941844599,1,0.11364986668605694,0.6062609479080984,1.6445492553771075,0,0.6999977376012998,Ultra Vip,True,False,False
-0.03447212727120257,1,-0.5187420783079,1.2326560232374986,1.4768114615895553,1,1.6465497330698955,Ultra Vip,True,False,False
3.1902227936846757,1,-1.5305691902982315,-0.02013412742130222,0.3865158019704612,1,1.3310324012470303,Ultra Vip,False,True,False
0.32883108726914684,0,-0.9614164398036703,-1.272924278080103,-1.6263377234801741,1,-1.5086235851587575,Low,False,False,False
-0.29168560693385803,0,0.8725202006788054,1.5458535609021986,0.805860286439343,1,1.015515069424165,Ultra Vip,False,False,False
0.5518901675910748,1,-1.024655634303066,1.2326560232374986,0.5542535957580143,0,-1.1931062533358923,Moderate,False,False,False
-0.010601936923721647,1,0.6828026171806183,1.5458535609021986,-1.7102066203739505,1,-0.2465542578672963,Moderate,True,False,False
-0.07642087448049519,1,-0.8981772453042747,1.5458535609021986,0.4703846988642377,0,1.015515069424165,Moderate,True,False,True
0.7427434355394165,1,-0.012828522312734299,-0.3333316650860023,1.3090736678020023,0,-1.1931062533358923,Moderate,True,False,False
2.580369200385195,0,-0.20254610581092153,-1.5861218157448032,0.13490911128913163,0,-0.8775889215130269,Standard,True,False,False
0.30425724051686454,0,-0.39226368930910877,-0.9597267404154027,-0.2005664762859743,0,-1.5086235851587575,Low,False,True,True
0.5980067258134187,0,-0.13930691131152592,-0.02013412742130222,-0.2005664762859743,0,0.06896307395556894,Moderate,False,False,True
0.06474342580574302,1,-0.8981772453042747,1.2326560232374986,-0.9553865483299623,1,0.6999977376012998,Moderate,False,True,False
1.9854547738337975,1,0.11364986668605694,-1.272924278080103,-0.7876487545424096,0,0.3844804057784345,Moderate,False,False,False
-2.070583125686627,1,0.050410672186661315,-1.272924278080103,1.1413358740144492,0,0.3844804057784345,Moderate,False,False,False
-0.03458038210271083,0,0.17688906118545256,1.5458535609021986,0.805860286439343,0,-1.1931062533358923,Moderate,True,False,False
-0.9340697771014482,0,0.11364986668605694,1.2326560232374986,0.8897291833331196,1,1.6465497330698955,Ultra Vip,True,False,False
-0.42272808047411203,1,-0.26578530031031716,-0.9597267404154027,1.2252047709082257,0,-0.2465542578672963,Moderate,False,False,False
-1.0972639355995346,1,-1.3408516068000444,0.6062609479080984,-1.2069932390112919,0,0.3844804057784345,Low,False,False,False
-0.6802121972155366,1,1.7578689236703455,1.2326560232374986,0.8897291833331196,0,-0.2465542578672963,Ultra Vip,True,False,False
0.8353013164786294,0,-0.012828522312734299,-1.272924278080103,1.6445492553771075,0,-0.2465542578672963,Vip,False,False,False
-0.8178582154777698,1,0.11364986668605694,-0.6465292027507025,-0.8715176514361858,0,-1.5086235851587575,Low,False,False,False
0.609265228290236,0,1.6946297291709496,1.2326560232374986,0.4703846988642377,1,-1.5086235851587575,Ultra Vip,False,False,False
-0.7562612163498024,0,-0.13930691131152592,1.2326560232374986,-1.794075517267727,0,-0.8775889215130269,Low,True,False,False
-1.3589158633540115,1,1.5681513401721583,-0.3333316650860023,-0.4521731669673035,1,-0.8775889215130269,Standard,True,False,False
1.364721569967777,1,-0.20254610581092153,-0.9597267404154027,0.21877800818290816,0,0.3844804057784345,Moderate,False,False,False
0.8507276299684986,1,-0.26578530031031716,0.9194584855727984,-0.11669757939219776,1,-0.8775889215130269,Standard,True,False,False
-0.8874119447215644,1,-0.26578530031031716,-0.9597267404154027,0.9735980802268961,0,1.3310324012470303,Vip,False,False,True
-0.6139602403327316,0,0.556324228181827,0.9194584855727984,-0.7876487545424096,1,1.015515069424165,Ultra Vip,False,False,True
-1.448821500921282,0,-1.3408516068000444,-0.02013412742130222,1.1413358740144492,1,-0.2465542578672963,Moderate,False,True,False
-0.5435945998526279,1,0.9989985896775971,0.2930634102433982,-1.5424688265863975,1,-1.5086235851587575,Standard,True,False,False
0.21202412407217497,1,0.8092810061794099,1.5458535609021986,0.805860286439343,0,1.6465497330698955,Ultra Vip,True,False,False
0.037842100176041865,1,-0.20254610581092153,-0.02013412742130222,-1.5424688265863975,1,1.015515069424165,Standard,False,False,True
-1.4639771773323813,1,1.188716173175784,1.2326560232374986,-0.7876487545424096,1,1.3310324012470303,Ultra Vip,True,False,False
2.3033450865566034,0,-1.024655634303066,-0.9597267404154027,0.3026469050766847,1,1.3310324012470303,Vip,True,False,False
-0.7958824846816759,0,-0.6452204673066916,-0.9597267404154027,0.7219913895455673,1,-0.5620715896901616,Standard,False,False,True
1.1459385554904091,1,0.8725202006788054,-1.272924278080103,-0.03282868249842143,0,1.6465497330698955,Vip,False,False,False
2.4847801841637622,0,-0.9614164398036703,1.5458535609021986,-0.03282868249842143,1,0.6999977376012998,Ultra Vip,False,False,False
0.9123246290964659,1,-1.2776124123006487,-0.02013412742130222,-1.794075517267727,0,-1.5086235851587575,Low,False,False,False
-0.05569007424674159,1,-0.20254610581092153,-0.9597267404154027,-0.6199109607548565,1,1.015515069424165,Standard,True,False,False
0.25630035015888614,1,-1.0878948288024615,-0.3333316650860023,-1.794075517267727,1,0.06896307395556894,Low,False,True,True
0.7364105278962074,1,-1.2143732178012532,-0.6465292027507025,1.3929425646957787,0,-1.1931062533358923,Standard,False,True,False
1.3973062742516407,1,-0.6452204673066916,-0.3333316650860023,-0.53604206386108,0,-0.5620715896901616,Standard,False,True,False
0.8976019720113979,1,-0.8981772453042747,0.9194584855727984,1.3929425646957787,0,1.3310324012470303,Ultra Vip,False,False,True
-1.0307413416379596,0,-0.07606771681212991,-0.02013412742130222,0.3865158019704612,1,-0.5620715896901616,Standard,True,False,True
1.4941402210354138,1,1.3151945621745755,-1.272924278080103,1.5606803584833318,0,0.6999977376012998,Ultra Vip,False,False,True
-0.13141432888648372,1,1.188716173175784,-1.5861218157448032,-1.794075517267727,1,1.015515069424165,Standard,True,False,False
-0.5846231809941038,1,0.17688906118545256,0.2930634102433982,-0.9553865483299623,1,-0.2465542578672963,Standard,True,False,False
0.14999410561817628,1,-0.26578530031031716,-0.6465292027507025,0.805860286439343,0,-0.5620715896901616,Standard,False,False,False
1.0510531956737776,1,-1.5305691902982315,-0.6465292027507025,0.0510402143953551,1,-1.5086235851587575,Low,True,False,True
-1.5608652515319081,0,-0.26578530031031716,0.2930634102433982,1.0574669771206726,0,-0.2465542578672963,Moderate,False,False,True
0.5242851855565726,0,0.30336745018424416,0.2930634102433982,0.3865158019704612,0,-1.1931062533358923,Standard,True,False,True
0.8002808784858395,1,-1.0878948288024615,0.6062609479080984,1.5606803584833318,0,0.3844804057784345,Vip,False,False,True
-0.14684064237635233,0,0.6828026171806183,0.6062609479080984,-1.2069932390112919,0,1.3310324012470303,Ultra Vip,False,False,False
0.5361932170224364,1,0.6195634226812227,0.2930634102433982,0.5542535957580143,1,1.015515069424165,Ultra Vip,False,False,False
-1.0081160818528188,1,-0.9614164398036703,1.5458535609021986,-1.6263377234801741,1,1.6465497330698955,Standard,True,False,True
0.11703050942403552,1,-0.7716988563054828,-1.5861218157448032,1.2252047709082257,0,0.3844804057784345,Standard,True,False,False
0.12249737841518202,0,-0.20254610581092153,-0.6465292027507025,0.3865158019704612,0,-1.5086235851587575,Standard,False,False,True
-1.4648973434001977,1,0.8092810061794099,-1.5861218157448032,0.13490911128913163,0,0.6999977376012998,Standard,True,False,False
0.3527554050323819,0,-0.6452204673066916,0.6062609479080984,-0.11669757939219776,0,1.6465497330698955,Ultra Vip,False,False,False
0.4761659129513326,0,0.6828026171806183,-1.5861218157448032,0.3026469050766847,1,1.6465497330698955,Vip,False,True,True
0.3327823886191832,0,1.1254769786763883,1.2326560232374986,-0.8715176514361858,1,-1.1931062533358923,Moderate,True,False,False
-0.06375505919407644,1,-1.657047579297023,0.9194584855727984,-0.2005664762859743,1,-0.5620715896901616,Low,True,False,False
1.5238561722843187,1,-1.657047579297023,0.9194584855727984,0.7219913895455673,1,-0.5620715896901616,Moderate,True,False,False
0.4675596538464585,0,1.188716173175784,-0.9597267404154027,1.1413358740144492,0,1.6465497330698955,Ultra Vip,True,False,False
1.1011751826619125,1,-1.0878948288024615,0.9194584855727984,-1.794075517267727,1,-0.2465542578672963,Moderate,False,False,False
1.7082682777579434,0,-1.3408516068000444,1.5458535609021986,0.3026469050766847,0,0.06896307395556894,Moderate,True,False,True
-0.4599136150970589,0,-0.6452204673066916,-0.9597267404154027,-0.03282868249842143,0,0.3844804057784345,Standard,False,True,False
-0.9313092788979981,1,0.6195634226812227,1.5458535609021986,0.805860286439343,1,-1.1931062533358923,Vip,True,False,False
1.6936538755043842,1,-0.012828522312734299,-0.3333316650860023,0.8897291833331196,0,-1.1931062533358923,Moderate,True,False,False
-0.16399903317034703,0,-0.8349380508048787,-1.272924278080103,1.4768114615895553,0,0.06896307395556894,Low,True,False,True
-0.7872762255768018,1,-0.5187420783079,0.2930634102433982,0.8897291833331196,1,1.6465497330698955,Ultra Vip,True,False,False
-0.269006219732963,0,0.42984583918303576,-0.3333316650860023,-0.36830427007352734,0,-0.2465542578672963,Standard,False,False,True
0.21841115913113818,0,0.8725202006788054,1.5458535609021986,0.0510402143953551,0,-0.2465542578672963,Vip,False,True,True
-1.0961813872844557,1,-1.024655634303066,0.9194584855727984,1.2252047709082257,1,-0.5620715896901616,Moderate,False,True,False
0.3166524187245135,0,1.3784337566739713,-0.3333316650860023,1.5606803584833318,0,1.3310324012470303,Ultra Vip,True,False,False
1.308104293089171,1,-1.1511340233018572,-0.6465292027507025,-0.11669757939219776,0,0.3844804057784345,Low,True,False,True
0.14257864965988837,1,1.0622377841769928,-0.9597267404154027,-1.5424688265863975,0,-1.5086235851587575,Low,False,False,True
0.010886647130587155,0,-0.20254610581092153,-0.9597267404154027,-1.5424688265863975,0,1.6465497330698955,Standard,True,False,False
-0.25233497568075375,1,1.1254769786763883,-0.3333316650860023,-0.7876487545424096,0,0.3844804057784345,Moderate,False,False,False
-0.927682742042485,0,-1.467329995798836,-0.02013412742130222,-0.4521731669673035,0,1.6465497330698955,Standard,True,False,False
-0.8442723943656856,1,1.5049121456727623,1.5458535609021986,-1.7102066203739505,1,1.3310324012470303,Ultra Vip,True,False,False
-0.12513554865902818,1,1.3151945621745755,1.2326560232374986,-0.703779857648633,0,0.6999977376012998,Ultra Vip,False,True,False
-0.7780745648986342,0,-0.7716988563054828,0.6062609479080984,-0.7876487545424096,0,1.6465497330698955,Standard,True,False,True
-0.41579977125760925,1,-0.13930691131152592,-0.02013412742130222,-0.8715176514361858,1,1.015515069424165,Standard,True,False,False
-1.0040023982555202,0,-0.9614164398036703,0.9194584855727984,-1.458599929692621,0,0.06896307395556894,Standard,False,True,False
-0.2461644502848062,0,-1.2143732178012532,1.2326560232374986,0.0510402143953551,0,0.3844804057784345,Moderate,False,True,True
-1.6552093371910008,0,0.6195634226812227,0.9194584855727984,-0.53604206386108,1,-0.2465542578672963,Moderate,True,False,False
-2.070583125686627,0,1.3784337566739713,-0.9597267404154027,0.3865158019704612,0,0.6999977376012998,Moderate,True,False,False
-0.720699504199473,1,0.6828026171806183,0.9194584855727984,0.0510402143953551,0,0.06896307395556894,Vip,True,False,False
-0.07701627605378829,1,0.9989985896775971,0.6062609479080984,1.2252047709082257,1,0.6999977376012998,Ultra Vip,False,False,True
-0.5771535976200618,0,0.556324228181827,-1.5861218157448032,0.9735980802268961,1,0.06896307395556894,Ultra Vip,False,False,False
0.8085623730961897,0,0.9989985896775971,-1.272924278080103,-1.6263377234801741,0,-0.2465542578672963,Standard,False,False,False
-0.6530943619228199,1,0.17688906118545256,0.9194584855727984,0.9735980802268961,1,-1.5086235851587575,Vip,True,False,False
0.12433771055081545,1,-1.467329995798836,1.2326560232374986,-0.03282868249842143,1,-1.1931062533358923,Standard,False,False,True
-0.8829734966297426,1,0.8092810061794099,-0.3333316650860023,-0.703779857648633,0,1.015515069424165,Moderate,True,False,False
0.7916746193809652,0,-0.012828522312734299,1.5458535609021986,1.6445492553771075,0,-1.1931062533358923,Vip,True,False,False
1.7605553613762353,0,-0.39226368930910877,1.5458535609021986,0.4703846988642377,1,-1.5086235851587575,Ultra Vip,False,False,False
1.202122813042984,1,1.3151945621745755,-0.3333316650860023,-1.1231243421175154,0,-0.8775889215130269,Moderate,False,True,False
1.697496922022912,0,-1.467329995798836,-0.02013412742130222,-1.3747310327988445,1,1.3310324012470303,Moderate,True,False,False
-0.18256473677394355,1,-0.39226368930910877,-1.272924278080103,0.9735980802268961,0,1.3310324012470303,Vip,False,False,False
-0.6248398508992704,0,0.24012825568484855,0.9194584855727984,-0.2844353731797508,1,-1.1931062533358923,Moderate,True,False,False
-0.07436403268184581,0,0.42984583918303576,-0.02013412742130222,-1.458599929692621,1,-1.1931062533358923,Standard,False,False,True
-0.994097081172552,0,0.8725202006788054,-0.02013412742130222,1.3929425646957787,0,0.3844804057784345,Ultra Vip,False,False,False
-0.653581508664605,0,-0.13930691131152592,-0.6465292027507025,1.3090736678020023,1,1.3310324012470303,Ultra Vip,False,False,False
